ISO-10303-21;
HEADER;
/* Generated by software containing ST-Developer
 * from STEP Tools, Inc. (www.steptools.com) 
 */

FILE_DESCRIPTION(
/* description */ (''),
/* implementation_level */ '2;1');

FILE_NAME(
/* name */ 'C:\\Users\\usuario\\Desktop\\SILLA 200.stp',
/* time_stamp */ '2024-02-05T22:36:05-05:00',
/* author */ ('usuario'),
/* organization */ (''),
/* preprocessor_version */ 'ST-DEVELOPER v17',
/* originating_system */ 'Autodesk Inventor 2019',
/* authorisation */ '');

FILE_SCHEMA (('AUTOMOTIVE_DESIGN { 1 0 10303 214 3 1 1 }'));
ENDSEC;

DATA;
#10=MECHANICAL_DESIGN_GEOMETRIC_PRESENTATION_REPRESENTATION('',(#100,#101,
#102,#103,#104,#105,#106),#3546);
#11=CONICAL_SURFACE('',#2152,0.5,0.26179938779915);
#12=CONICAL_SURFACE('',#2170,0.5,0.261799387799149);
#13=ITEM_DEFINED_TRANSFORMATION($,$,#1960,#2099);
#14=ITEM_DEFINED_TRANSFORMATION($,$,#2046,#2100);
#15=ITEM_DEFINED_TRANSFORMATION($,$,#1929,#2171);
#16=ITEM_DEFINED_TRANSFORMATION($,$,#1959,#2172);
#17=ITEM_DEFINED_TRANSFORMATION($,$,#2101,#2173);
#18=ITEM_DEFINED_TRANSFORMATION($,$,#2101,#2174);
#19=ITEM_DEFINED_TRANSFORMATION($,$,#2126,#2175);
#20=ITEM_DEFINED_TRANSFORMATION($,$,#2136,#2176);
#21=ITEM_DEFINED_TRANSFORMATION($,$,#2136,#2177);
#22=ITEM_DEFINED_TRANSFORMATION($,$,#2153,#2178);
#23=ITEM_DEFINED_TRANSFORMATION($,$,#2153,#2179);
#24=(
REPRESENTATION_RELATIONSHIP($,$,#3583,#3582)
REPRESENTATION_RELATIONSHIP_WITH_TRANSFORMATION(#13)
SHAPE_REPRESENTATION_RELATIONSHIP()
);
#25=(
REPRESENTATION_RELATIONSHIP($,$,#3584,#3582)
REPRESENTATION_RELATIONSHIP_WITH_TRANSFORMATION(#14)
SHAPE_REPRESENTATION_RELATIONSHIP()
);
#26=(
REPRESENTATION_RELATIONSHIP($,$,#3581,#3580)
REPRESENTATION_RELATIONSHIP_WITH_TRANSFORMATION(#15)
SHAPE_REPRESENTATION_RELATIONSHIP()
);
#27=(
REPRESENTATION_RELATIONSHIP($,$,#3582,#3580)
REPRESENTATION_RELATIONSHIP_WITH_TRANSFORMATION(#16)
SHAPE_REPRESENTATION_RELATIONSHIP()
);
#28=(
REPRESENTATION_RELATIONSHIP($,$,#3585,#3580)
REPRESENTATION_RELATIONSHIP_WITH_TRANSFORMATION(#17)
SHAPE_REPRESENTATION_RELATIONSHIP()
);
#29=(
REPRESENTATION_RELATIONSHIP($,$,#3585,#3580)
REPRESENTATION_RELATIONSHIP_WITH_TRANSFORMATION(#18)
SHAPE_REPRESENTATION_RELATIONSHIP()
);
#30=(
REPRESENTATION_RELATIONSHIP($,$,#3586,#3580)
REPRESENTATION_RELATIONSHIP_WITH_TRANSFORMATION(#19)
SHAPE_REPRESENTATION_RELATIONSHIP()
);
#31=(
REPRESENTATION_RELATIONSHIP($,$,#3587,#3580)
REPRESENTATION_RELATIONSHIP_WITH_TRANSFORMATION(#20)
SHAPE_REPRESENTATION_RELATIONSHIP()
);
#32=(
REPRESENTATION_RELATIONSHIP($,$,#3587,#3580)
REPRESENTATION_RELATIONSHIP_WITH_TRANSFORMATION(#21)
SHAPE_REPRESENTATION_RELATIONSHIP()
);
#33=(
REPRESENTATION_RELATIONSHIP($,$,#3588,#3580)
REPRESENTATION_RELATIONSHIP_WITH_TRANSFORMATION(#22)
SHAPE_REPRESENTATION_RELATIONSHIP()
);
#34=(
REPRESENTATION_RELATIONSHIP($,$,#3588,#3580)
REPRESENTATION_RELATIONSHIP_WITH_TRANSFORMATION(#23)
SHAPE_REPRESENTATION_RELATIONSHIP()
);
#35=CONTEXT_DEPENDENT_SHAPE_REPRESENTATION(#24,#3565);
#36=CONTEXT_DEPENDENT_SHAPE_REPRESENTATION(#25,#3566);
#37=CONTEXT_DEPENDENT_SHAPE_REPRESENTATION(#26,#3571);
#38=CONTEXT_DEPENDENT_SHAPE_REPRESENTATION(#27,#3572);
#39=CONTEXT_DEPENDENT_SHAPE_REPRESENTATION(#28,#3573);
#40=CONTEXT_DEPENDENT_SHAPE_REPRESENTATION(#29,#3574);
#41=CONTEXT_DEPENDENT_SHAPE_REPRESENTATION(#30,#3575);
#42=CONTEXT_DEPENDENT_SHAPE_REPRESENTATION(#31,#3576);
#43=CONTEXT_DEPENDENT_SHAPE_REPRESENTATION(#32,#3577);
#44=CONTEXT_DEPENDENT_SHAPE_REPRESENTATION(#33,#3578);
#45=CONTEXT_DEPENDENT_SHAPE_REPRESENTATION(#34,#3579);
#46=NEXT_ASSEMBLY_USAGE_OCCURRENCE('MARCO ASIENTO Y ESPALDAR:1',
'MARCO ASIENTO Y ESPALDAR:1','MARCO ASIENTO Y ESPALDAR:1',#3592,#3593,
'MARCO ASIENTO Y ESPALDAR:1');
#47=NEXT_ASSEMBLY_USAGE_OCCURRENCE('TAPIZADO ASIENTO Y ESPALDAR:1',
'TAPIZADO ASIENTO Y ESPALDAR:1','TAPIZADO ASIENTO Y ESPALDAR:1',#3592,#3594,
'TAPIZADO ASIENTO Y ESPALDAR:1');
#48=NEXT_ASSEMBLY_USAGE_OCCURRENCE('PATAS FRONTALES:1',
'PATAS FRONTALES:1','PATAS FRONTALES:1',#3590,#3591,'PATAS FRONTALES:1');
#49=NEXT_ASSEMBLY_USAGE_OCCURRENCE('ASIENTO Y ESPALDAR:1',
'ASIENTO Y ESPALDAR:1','ASIENTO Y ESPALDAR:1',#3590,#3592,
'ASIENTO Y ESPALDAR:1');
#50=NEXT_ASSEMBLY_USAGE_OCCURRENCE('PATA TRASERA:1','PATA TRASERA:1',
'PATA TRASERA:1',#3590,#3595,'PATA TRASERA:1');
#51=NEXT_ASSEMBLY_USAGE_OCCURRENCE('PATA TRASERA:2','PATA TRASERA:2',
'PATA TRASERA:2',#3590,#3595,'PATA TRASERA:2');
#52=NEXT_ASSEMBLY_USAGE_OCCURRENCE('TRAVESA\X\D1O:1','TRAVESA\X\D1O:1',
'TRAVESA\X\D1O:1',#3590,#3596,'TRAVESA\X\D1O:1');
#53=NEXT_ASSEMBLY_USAGE_OCCURRENCE('DESLIZADOR PEQUE\X\D1O:1',
'DESLIZADOR PEQUE\X\D1O:1','DESLIZADOR PEQUE\X\D1O:1',#3590,#3597,
'DESLIZADOR PEQUE\X\D1O:1');
#54=NEXT_ASSEMBLY_USAGE_OCCURRENCE('DESLIZADOR PEQUE\X\D1O:2',
'DESLIZADOR PEQUE\X\D1O:2','DESLIZADOR PEQUE\X\D1O:2',#3590,#3597,
'DESLIZADOR PEQUE\X\D1O:2');
#55=NEXT_ASSEMBLY_USAGE_OCCURRENCE('DESLIZADOR GRANDE:1',
'DESLIZADOR GRANDE:1','DESLIZADOR GRANDE:1',#3590,#3598,
'DESLIZADOR GRANDE:1');
#56=NEXT_ASSEMBLY_USAGE_OCCURRENCE('DESLIZADOR GRANDE:2',
'DESLIZADOR GRANDE:2','DESLIZADOR GRANDE:2',#3590,#3598,
'DESLIZADOR GRANDE:2');
#57=(
BOUNDED_SURFACE()
B_SPLINE_SURFACE(2,2,((#3183,#3184,#3185),(#3186,#3187,#3188),(#3189,#3190,
#3191)),.UNSPECIFIED.,.F.,.F.,.F.)
B_SPLINE_SURFACE_WITH_KNOTS((3,3),(3,3),(-7.79542962179819E-16,1.5707963267949),
(-3.14159265358979,-1.5707963267949),.UNSPECIFIED.)
GEOMETRIC_REPRESENTATION_ITEM()
RATIONAL_B_SPLINE_SURFACE(((1.,0.707106781186547,1.),(0.707106781186545,
0.499999999999998,0.707106781186545),(1.,0.707106781186547,1.)))
REPRESENTATION_ITEM('')
SURFACE()
);
#58=(
BOUNDED_SURFACE()
B_SPLINE_SURFACE(2,2,((#3218,#3219,#3220),(#3221,#3222,#3223),(#3224,#3225,
#3226)),.UNSPECIFIED.,.F.,.F.,.F.)
B_SPLINE_SURFACE_WITH_KNOTS((3,3),(3,3),(-9.86502162135799E-16,1.5707963267949),
(-2.89066169693539E-16,1.5707963267949),.UNSPECIFIED.)
GEOMETRIC_REPRESENTATION_ITEM()
RATIONAL_B_SPLINE_SURFACE(((1.,0.707106781186547,1.),(0.707106781186547,
0.499999999999999,0.707106781186547),(1.,0.707106781186547,1.)))
REPRESENTATION_ITEM('')
SURFACE()
);
#59=(
BOUNDED_SURFACE()
B_SPLINE_SURFACE(2,2,((#3238,#3239,#3240),(#3241,#3242,#3243),(#3244,#3245,
#3246)),.UNSPECIFIED.,.F.,.F.,.F.)
B_SPLINE_SURFACE_WITH_KNOTS((3,3),(3,3),(-1.5707963267949,9.99200722162641E-16),
(-6.31382830060207E-17,1.5707963267949),.UNSPECIFIED.)
GEOMETRIC_REPRESENTATION_ITEM()
RATIONAL_B_SPLINE_SURFACE(((1.,0.707106781186547,1.),(0.707106781186547,
0.5,0.707106781186547),(1.,0.707106781186547,1.)))
REPRESENTATION_ITEM('')
SURFACE()
);
#60=(
BOUNDED_SURFACE()
B_SPLINE_SURFACE(2,2,((#3270,#3271,#3272),(#3273,#3274,#3275),(#3276,#3277,
#3278)),.UNSPECIFIED.,.F.,.F.,.F.)
B_SPLINE_SURFACE_WITH_KNOTS((3,3),(3,3),(-1.5707963267949,5.80549590381437E-15),
(-4.96639676178434E-18,1.5707963267949),.UNSPECIFIED.)
GEOMETRIC_REPRESENTATION_ITEM()
RATIONAL_B_SPLINE_SURFACE(((1.,0.707106781186546,1.),(0.707106781186543,
0.499999999999996,0.707106781186543),(1.,0.707106781186546,1.)))
REPRESENTATION_ITEM('')
SURFACE()
);
#61=(
BOUNDED_SURFACE()
B_SPLINE_SURFACE(2,2,((#3443,#3444,#3445,#3446,#3447,#3448,#3449,#3450,
#3451),(#3452,#3453,#3454,#3455,#3456,#3457,#3458,#3459,#3460),(#3461,#3462,
#3463,#3464,#3465,#3466,#3467,#3468,#3469)),.UNSPECIFIED.,.F.,.T.,.F.)
B_SPLINE_SURFACE_WITH_KNOTS((3,3),(3,2,2,2,3),(-1.5707963267949,-2.77555756156289E-16),
(-3.14159265358979,-1.5707963267949,0.,1.5707963267949,3.14159265358979),
 .UNSPECIFIED.)
GEOMETRIC_REPRESENTATION_ITEM()
RATIONAL_B_SPLINE_SURFACE(((1.,0.707106781186548,1.,0.707106781186548,1.,
0.707106781186548,1.,0.707106781186548,1.),(0.707106781186548,0.5,0.707106781186548,
0.5,0.707106781186548,0.5,0.707106781186548,0.5,0.707106781186548),(1.,
0.707106781186548,1.,0.707106781186548,1.,0.707106781186548,1.,0.707106781186548,
1.)))
REPRESENTATION_ITEM('')
SURFACE()
);
#62=FACE_BOUND('',#290,.T.);
#63=FACE_BOUND('',#355,.T.);
#64=FACE_BOUND('',#362,.T.);
#65=ELLIPSE('',#1964,21.2132034355964,15.);
#66=ELLIPSE('',#1965,21.2132034355964,15.);
#67=ELLIPSE('',#1966,21.2132034355964,15.);
#68=ELLIPSE('',#1967,21.2132034355964,15.);
#69=ELLIPSE('',#2128,21.2132034355964,15.);
#70=ELLIPSE('',#2129,21.2132034355964,15.);
#71=ELLIPSE('',#2130,21.2132034355964,15.);
#72=ELLIPSE('',#2132,21.2132034355964,15.);
#73=ELLIPSE('',#2133,21.2132034355964,15.);
#74=ELLIPSE('',#2134,21.2132034355964,15.);
#75=B_SPLINE_CURVE_WITH_KNOTS('',3,(#2846,#2847,#2848,#2849),
 .UNSPECIFIED.,.F.,.F.,(4,4),(-2.23170789027411,-2.12706446223265),
 .UNSPECIFIED.);
#76=B_SPLINE_CURVE_WITH_KNOTS('',3,(#2856,#2857,#2858,#2859),
 .UNSPECIFIED.,.F.,.F.,(4,4),(2.12705726286644,2.23170765423009),
 .UNSPECIFIED.);
#77=B_SPLINE_CURVE_WITH_KNOTS('',3,(#2863,#2864,#2865,#2866,#2867,#2868,
#2869,#2870,#2871,#2872,#2873,#2874,#2875,#2876),.UNSPECIFIED.,.F.,.F.,
(4,2,2,2,2,2,4),(-3.16926198925822,-3.16698257721586,-2.45229220086492,
-1.71802928542672,-1.14009788484958,-0.601920658244808,-0.342431214415733),
 .UNSPECIFIED.);
#78=B_SPLINE_CURVE_WITH_KNOTS('',3,(#2877,#2878,#2879,#2880,#2881,#2882,
#2883,#2884,#2885,#2886,#2887,#2888,#2889,#2890),.UNSPECIFIED.,.F.,.F.,
(4,2,2,2,2,2,4),(-2.85316011209182,-2.42639106734703,-1.9236212878355,-1.2605957973959,
-0.632025959468285,0.,0.00181424013502052),.UNSPECIFIED.);
#79=B_SPLINE_CURVE_WITH_KNOTS('',3,(#2892,#2893,#2894,#2895,#2896,#2897,
#2898,#2899,#2900,#2901,#2902,#2903,#2904,#2905),.UNSPECIFIED.,.F.,.F.,
(4,2,2,2,2,2,4),(-2.8280385957197,-2.82624152129559,-2.20015244105189,-1.57748787865894,
-0.920743839779406,-0.422734244662566,-3.88647691205724E-5),
 .UNSPECIFIED.);
#80=B_SPLINE_CURVE_WITH_KNOTS('',3,(#2907,#2908,#2909,#2910,#2911,#2912,
#2913,#2914,#2915,#2916,#2917,#2918,#2919,#2920),.UNSPECIFIED.,.F.,.F.,
(4,2,2,2,2,2,4),(-2.8540324107464,-2.59190313925507,-2.04813290995772,-1.46420080906695,
-0.72220907282124,0.,0.0023031927120468),.UNSPECIFIED.);
#81=B_SPLINE_CURVE_WITH_KNOTS('',3,(#2935,#2936,#2937,#2938,#2939,#2940,
#2941,#2942,#2943,#2944,#2945,#2946,#2947,#2948,#2949,#2950,#2951,#2952,
#2953,#2954,#2955,#2956,#2957,#2958,#2959,#2960,#2961),.UNSPECIFIED.,.F.,
 .F.,(4,2,2,2,2,2,3,2,2,2,2,2,4),(-2.26754317046374,-1.98886562776084,-1.58269257616758,
-1.03809688045744,-0.499391549782935,-0.20893766550194,0.,0.148788116821288,
0.456613347707522,1.00692594784031,1.37628453696861,1.66727904434568,1.89694466119289),
 .UNSPECIFIED.);
#82=B_SPLINE_CURVE_WITH_KNOTS('',3,(#2964,#2965,#2966,#2967,#2968,#2969,
#2970,#2971,#2972,#2973,#2974,#2975,#2976,#2977,#2978,#2979,#2980,#2981,
#2982,#2983,#2984,#2985,#2986,#2987,#2988,#2989,#2990),.UNSPECIFIED.,.F.,
 .F.,(4,2,2,2,2,2,3,2,2,2,2,2,4),(-2.26754317046332,-1.98886562776046,-1.58269257616731,
-1.03809688045729,-0.49939154978287,-0.208937665501923,0.,0.148788116821279,
0.45661334770721,1.00692594783899,1.37628453696662,1.66727904434315,1.89694466118992),
 .UNSPECIFIED.);
#83=B_SPLINE_CURVE_WITH_KNOTS('',3,(#3001,#3002,#3003,#3004),
 .UNSPECIFIED.,.F.,.F.,(4,4),(-2.23170765423009,-2.12705726286644),
 .UNSPECIFIED.);
#84=B_SPLINE_CURVE_WITH_KNOTS('',3,(#3011,#3012,#3013,#3014),
 .UNSPECIFIED.,.F.,.F.,(4,4),(2.12705726286645,2.23170765423009),
 .UNSPECIFIED.);
#85=B_SPLINE_CURVE_WITH_KNOTS('',3,(#3343,#3344,#3345,#3346,#3347,#3348,
#3349,#3350,#3351,#3352,#3353,#3354,#3355,#3356,#3357,#3358,#3359,#3360,
#3361,#3362,#3363,#3364,#3365,#3366,#3367,#3368,#3369,#3370,#3371,#3372),
 .UNSPECIFIED.,.F.,.F.,(4,2,2,2,2,2,2,2,2,2,2,2,2,2,4),(-28.7292477385035,
-28.6726143256583,-22.8471858050811,-18.6415216675347,-16.1053484103425,
-14.5998078063891,-13.6739517097643,-12.9479191340449,-12.2029053596473,
-11.2380066967314,-9.64319542504544,-6.22849567967151,-3.76058209198693,
0.,0.0463135172348838),.UNSPECIFIED.);
#86=SHAPE_REPRESENTATION_RELATIONSHIP('SRR','None',#3581,#93);
#87=SHAPE_REPRESENTATION_RELATIONSHIP('SRR','None',#3583,#94);
#88=SHAPE_REPRESENTATION_RELATIONSHIP('SRR','None',#3584,#95);
#89=SHAPE_REPRESENTATION_RELATIONSHIP('SRR','None',#3585,#96);
#90=SHAPE_REPRESENTATION_RELATIONSHIP('SRR','None',#3586,#97);
#91=SHAPE_REPRESENTATION_RELATIONSHIP('SRR','None',#3587,#98);
#92=SHAPE_REPRESENTATION_RELATIONSHIP('SRR','None',#3588,#99);
#93=ADVANCED_BREP_SHAPE_REPRESENTATION('',(#107),#3538);
#94=ADVANCED_BREP_SHAPE_REPRESENTATION('',(#108),#3540);
#95=ADVANCED_BREP_SHAPE_REPRESENTATION('',(#109),#3541);
#96=ADVANCED_BREP_SHAPE_REPRESENTATION('',(#110),#3542);
#97=ADVANCED_BREP_SHAPE_REPRESENTATION('',(#111),#3543);
#98=ADVANCED_BREP_SHAPE_REPRESENTATION('',(#112),#3544);
#99=ADVANCED_BREP_SHAPE_REPRESENTATION('',(#113),#3545);
#100=STYLED_ITEM('',(#1853),#107);
#101=STYLED_ITEM('',(#1853),#108);
#102=STYLED_ITEM('',(#1854),#109);
#103=STYLED_ITEM('',(#1853),#110);
#104=STYLED_ITEM('',(#1853),#111);
#105=STYLED_ITEM('',(#1855),#112);
#106=STYLED_ITEM('',(#1855),#113);
#107=MANIFOLD_SOLID_BREP('S\X\F3lido1',#1768);
#108=MANIFOLD_SOLID_BREP('S\X\F3lido1',#1769);
#109=MANIFOLD_SOLID_BREP('S\X\F3lido1',#1770);
#110=MANIFOLD_SOLID_BREP('S\X\F3lido1',#1771);
#111=MANIFOLD_SOLID_BREP('S\X\F3lido1',#1772);
#112=MANIFOLD_SOLID_BREP('S\X\F3lido1',#1773);
#113=MANIFOLD_SOLID_BREP('S\X\F3lido1',#1774);
#114=PLANE('',#1943);
#115=PLANE('',#1958);
#116=PLANE('',#1961);
#117=PLANE('',#1971);
#118=PLANE('',#1972);
#119=PLANE('',#1975);
#120=PLANE('',#1984);
#121=PLANE('',#1986);
#122=PLANE('',#1988);
#123=PLANE('',#1989);
#124=PLANE('',#1990);
#125=PLANE('',#1993);
#126=PLANE('',#2014);
#127=PLANE('',#2015);
#128=PLANE('',#2022);
#129=PLANE('',#2025);
#130=PLANE('',#2034);
#131=PLANE('',#2036);
#132=PLANE('',#2043);
#133=PLANE('',#2045);
#134=PLANE('',#2079);
#135=PLANE('',#2082);
#136=PLANE('',#2086);
#137=PLANE('',#2090);
#138=PLANE('',#2093);
#139=PLANE('',#2094);
#140=PLANE('',#2097);
#141=PLANE('',#2098);
#142=PLANE('',#2125);
#143=PLANE('',#2137);
#144=PLANE('',#2142);
#145=PLANE('',#2154);
#146=PLANE('',#2159);
#147=TOROIDAL_SURFACE('',#1933,140.,15.);
#148=TOROIDAL_SURFACE('',#1939,120.,15.);
#149=TOROIDAL_SURFACE('',#1947,140.,15.);
#150=TOROIDAL_SURFACE('',#1953,120.,15.);
#151=TOROIDAL_SURFACE('',#1978,105.,15.);
#152=TOROIDAL_SURFACE('',#2001,65.,15.);
#153=TOROIDAL_SURFACE('',#2012,105.,15.);
#154=TOROIDAL_SURFACE('',#2018,65.,15.);
#155=TOROIDAL_SURFACE('',#2029,65.,15.);
#156=TOROIDAL_SURFACE('',#2039,65.,15.);
#157=TOROIDAL_SURFACE('',#2053,87.,40.);
#158=TOROIDAL_SURFACE('',#2069,87.,40.);
#159=TOROIDAL_SURFACE('',#2105,97.0000000000002,15.);
#160=TOROIDAL_SURFACE('',#2112,186.,15.);
#161=TOROIDAL_SURFACE('',#2119,60.,15.);
#162=TOROIDAL_SURFACE('',#2162,5.,4.);
#163=FACE_OUTER_BOUND('',#264,.T.);
#164=FACE_OUTER_BOUND('',#265,.T.);
#165=FACE_OUTER_BOUND('',#266,.T.);
#166=FACE_OUTER_BOUND('',#267,.T.);
#167=FACE_OUTER_BOUND('',#268,.T.);
#168=FACE_OUTER_BOUND('',#269,.T.);
#169=FACE_OUTER_BOUND('',#270,.T.);
#170=FACE_OUTER_BOUND('',#271,.T.);
#171=FACE_OUTER_BOUND('',#272,.T.);
#172=FACE_OUTER_BOUND('',#273,.T.);
#173=FACE_OUTER_BOUND('',#274,.T.);
#174=FACE_OUTER_BOUND('',#275,.T.);
#175=FACE_OUTER_BOUND('',#276,.T.);
#176=FACE_OUTER_BOUND('',#277,.T.);
#177=FACE_OUTER_BOUND('',#278,.T.);
#178=FACE_OUTER_BOUND('',#279,.T.);
#179=FACE_OUTER_BOUND('',#280,.T.);
#180=FACE_OUTER_BOUND('',#281,.T.);
#181=FACE_OUTER_BOUND('',#282,.T.);
#182=FACE_OUTER_BOUND('',#283,.T.);
#183=FACE_OUTER_BOUND('',#284,.T.);
#184=FACE_OUTER_BOUND('',#285,.T.);
#185=FACE_OUTER_BOUND('',#286,.T.);
#186=FACE_OUTER_BOUND('',#287,.T.);
#187=FACE_OUTER_BOUND('',#288,.T.);
#188=FACE_OUTER_BOUND('',#289,.T.);
#189=FACE_OUTER_BOUND('',#291,.T.);
#190=FACE_OUTER_BOUND('',#292,.T.);
#191=FACE_OUTER_BOUND('',#293,.T.);
#192=FACE_OUTER_BOUND('',#294,.T.);
#193=FACE_OUTER_BOUND('',#295,.T.);
#194=FACE_OUTER_BOUND('',#296,.T.);
#195=FACE_OUTER_BOUND('',#297,.T.);
#196=FACE_OUTER_BOUND('',#298,.T.);
#197=FACE_OUTER_BOUND('',#299,.T.);
#198=FACE_OUTER_BOUND('',#300,.T.);
#199=FACE_OUTER_BOUND('',#301,.T.);
#200=FACE_OUTER_BOUND('',#302,.T.);
#201=FACE_OUTER_BOUND('',#303,.T.);
#202=FACE_OUTER_BOUND('',#304,.T.);
#203=FACE_OUTER_BOUND('',#305,.T.);
#204=FACE_OUTER_BOUND('',#306,.T.);
#205=FACE_OUTER_BOUND('',#307,.T.);
#206=FACE_OUTER_BOUND('',#308,.T.);
#207=FACE_OUTER_BOUND('',#309,.T.);
#208=FACE_OUTER_BOUND('',#310,.T.);
#209=FACE_OUTER_BOUND('',#311,.T.);
#210=FACE_OUTER_BOUND('',#312,.T.);
#211=FACE_OUTER_BOUND('',#313,.T.);
#212=FACE_OUTER_BOUND('',#314,.T.);
#213=FACE_OUTER_BOUND('',#315,.T.);
#214=FACE_OUTER_BOUND('',#316,.T.);
#215=FACE_OUTER_BOUND('',#317,.T.);
#216=FACE_OUTER_BOUND('',#318,.T.);
#217=FACE_OUTER_BOUND('',#319,.T.);
#218=FACE_OUTER_BOUND('',#320,.T.);
#219=FACE_OUTER_BOUND('',#321,.T.);
#220=FACE_OUTER_BOUND('',#322,.T.);
#221=FACE_OUTER_BOUND('',#323,.T.);
#222=FACE_OUTER_BOUND('',#324,.T.);
#223=FACE_OUTER_BOUND('',#325,.T.);
#224=FACE_OUTER_BOUND('',#326,.T.);
#225=FACE_OUTER_BOUND('',#327,.T.);
#226=FACE_OUTER_BOUND('',#328,.T.);
#227=FACE_OUTER_BOUND('',#329,.T.);
#228=FACE_OUTER_BOUND('',#330,.T.);
#229=FACE_OUTER_BOUND('',#331,.T.);
#230=FACE_OUTER_BOUND('',#332,.T.);
#231=FACE_OUTER_BOUND('',#333,.T.);
#232=FACE_OUTER_BOUND('',#334,.T.);
#233=FACE_OUTER_BOUND('',#335,.T.);
#234=FACE_OUTER_BOUND('',#336,.T.);
#235=FACE_OUTER_BOUND('',#337,.T.);
#236=FACE_OUTER_BOUND('',#338,.T.);
#237=FACE_OUTER_BOUND('',#339,.T.);
#238=FACE_OUTER_BOUND('',#340,.T.);
#239=FACE_OUTER_BOUND('',#341,.T.);
#240=FACE_OUTER_BOUND('',#342,.T.);
#241=FACE_OUTER_BOUND('',#343,.T.);
#242=FACE_OUTER_BOUND('',#344,.T.);
#243=FACE_OUTER_BOUND('',#345,.T.);
#244=FACE_OUTER_BOUND('',#346,.T.);
#245=FACE_OUTER_BOUND('',#347,.T.);
#246=FACE_OUTER_BOUND('',#348,.T.);
#247=FACE_OUTER_BOUND('',#349,.T.);
#248=FACE_OUTER_BOUND('',#350,.T.);
#249=FACE_OUTER_BOUND('',#351,.T.);
#250=FACE_OUTER_BOUND('',#352,.T.);
#251=FACE_OUTER_BOUND('',#353,.T.);
#252=FACE_OUTER_BOUND('',#354,.T.);
#253=FACE_OUTER_BOUND('',#356,.T.);
#254=FACE_OUTER_BOUND('',#357,.T.);
#255=FACE_OUTER_BOUND('',#358,.T.);
#256=FACE_OUTER_BOUND('',#359,.T.);
#257=FACE_OUTER_BOUND('',#360,.T.);
#258=FACE_OUTER_BOUND('',#361,.T.);
#259=FACE_OUTER_BOUND('',#363,.T.);
#260=FACE_OUTER_BOUND('',#364,.T.);
#261=FACE_OUTER_BOUND('',#365,.T.);
#262=FACE_OUTER_BOUND('',#366,.T.);
#263=FACE_OUTER_BOUND('',#367,.T.);
#264=EDGE_LOOP('',(#1118,#1119,#1120,#1121));
#265=EDGE_LOOP('',(#1122,#1123,#1124,#1125));
#266=EDGE_LOOP('',(#1126,#1127,#1128,#1129,#1130));
#267=EDGE_LOOP('',(#1131,#1132,#1133,#1134,#1135,#1136));
#268=EDGE_LOOP('',(#1137));
#269=EDGE_LOOP('',(#1138,#1139,#1140,#1141));
#270=EDGE_LOOP('',(#1142,#1143,#1144,#1145));
#271=EDGE_LOOP('',(#1146,#1147,#1148,#1149,#1150));
#272=EDGE_LOOP('',(#1151,#1152,#1153,#1154,#1155,#1156));
#273=EDGE_LOOP('',(#1157,#1158,#1159,#1160,#1161,#1162));
#274=EDGE_LOOP('',(#1163));
#275=EDGE_LOOP('',(#1164,#1165,#1166,#1167,#1168,#1169));
#276=EDGE_LOOP('',(#1170,#1171,#1172,#1173,#1174,#1175));
#277=EDGE_LOOP('',(#1176,#1177,#1178,#1179,#1180,#1181,#1182,#1183));
#278=EDGE_LOOP('',(#1184,#1185,#1186,#1187,#1188,#1189));
#279=EDGE_LOOP('',(#1190,#1191,#1192,#1193,#1194,#1195));
#280=EDGE_LOOP('',(#1196,#1197,#1198,#1199,#1200,#1201));
#281=EDGE_LOOP('',(#1202,#1203,#1204,#1205));
#282=EDGE_LOOP('',(#1206,#1207,#1208,#1209,#1210,#1211,#1212,#1213,#1214,
#1215));
#283=EDGE_LOOP('',(#1216,#1217,#1218,#1219));
#284=EDGE_LOOP('',(#1220,#1221,#1222,#1223,#1224,#1225));
#285=EDGE_LOOP('',(#1226,#1227,#1228,#1229));
#286=EDGE_LOOP('',(#1230,#1231,#1232,#1233));
#287=EDGE_LOOP('',(#1234,#1235,#1236,#1237));
#288=EDGE_LOOP('',(#1238,#1239,#1240,#1241,#1242,#1243));
#289=EDGE_LOOP('',(#1244,#1245,#1246,#1247,#1248,#1249,#1250,#1251));
#290=EDGE_LOOP('',(#1252,#1253,#1254,#1255,#1256,#1257));
#291=EDGE_LOOP('',(#1258,#1259,#1260,#1261));
#292=EDGE_LOOP('',(#1262,#1263,#1264,#1265));
#293=EDGE_LOOP('',(#1266,#1267,#1268,#1269));
#294=EDGE_LOOP('',(#1270,#1271,#1272,#1273));
#295=EDGE_LOOP('',(#1274,#1275,#1276,#1277,#1278,#1279,#1280,#1281,#1282,
#1283,#1284,#1285));
#296=EDGE_LOOP('',(#1286,#1287,#1288,#1289,#1290,#1291,#1292,#1293,#1294,
#1295));
#297=EDGE_LOOP('',(#1296,#1297,#1298,#1299));
#298=EDGE_LOOP('',(#1300,#1301,#1302,#1303,#1304,#1305,#1306,#1307));
#299=EDGE_LOOP('',(#1308,#1309,#1310,#1311));
#300=EDGE_LOOP('',(#1312,#1313,#1314,#1315));
#301=EDGE_LOOP('',(#1316,#1317,#1318,#1319));
#302=EDGE_LOOP('',(#1320,#1321,#1322,#1323));
#303=EDGE_LOOP('',(#1324,#1325,#1326,#1327));
#304=EDGE_LOOP('',(#1328,#1329,#1330,#1331));
#305=EDGE_LOOP('',(#1332,#1333,#1334,#1335));
#306=EDGE_LOOP('',(#1336,#1337,#1338,#1339));
#307=EDGE_LOOP('',(#1340,#1341,#1342,#1343));
#308=EDGE_LOOP('',(#1344,#1345,#1346,#1347,#1348,#1349,#1350,#1351,#1352,
#1353,#1354,#1355));
#309=EDGE_LOOP('',(#1356,#1357,#1358,#1359));
#310=EDGE_LOOP('',(#1360,#1361,#1362,#1363,#1364,#1365,#1366,#1367));
#311=EDGE_LOOP('',(#1368,#1369,#1370,#1371));
#312=EDGE_LOOP('',(#1372,#1373,#1374,#1375));
#313=EDGE_LOOP('',(#1376,#1377,#1378,#1379));
#314=EDGE_LOOP('',(#1380,#1381,#1382,#1383));
#315=EDGE_LOOP('',(#1384,#1385,#1386,#1387));
#316=EDGE_LOOP('',(#1388,#1389,#1390,#1391));
#317=EDGE_LOOP('',(#1392,#1393,#1394,#1395));
#318=EDGE_LOOP('',(#1396,#1397,#1398,#1399));
#319=EDGE_LOOP('',(#1400,#1401,#1402,#1403));
#320=EDGE_LOOP('',(#1404,#1405,#1406,#1407));
#321=EDGE_LOOP('',(#1408,#1409,#1410,#1411));
#322=EDGE_LOOP('',(#1412,#1413,#1414,#1415));
#323=EDGE_LOOP('',(#1416,#1417,#1418,#1419));
#324=EDGE_LOOP('',(#1420,#1421,#1422,#1423));
#325=EDGE_LOOP('',(#1424,#1425,#1426,#1427));
#326=EDGE_LOOP('',(#1428,#1429,#1430,#1431));
#327=EDGE_LOOP('',(#1432,#1433,#1434,#1435));
#328=EDGE_LOOP('',(#1436,#1437,#1438,#1439));
#329=EDGE_LOOP('',(#1440,#1441,#1442,#1443));
#330=EDGE_LOOP('',(#1444,#1445,#1446,#1447));
#331=EDGE_LOOP('',(#1448,#1449,#1450,#1451,#1452,#1453,#1454,#1455));
#332=EDGE_LOOP('',(#1456,#1457,#1458,#1459));
#333=EDGE_LOOP('',(#1460,#1461,#1462,#1463,#1464,#1465));
#334=EDGE_LOOP('',(#1466,#1467,#1468,#1469));
#335=EDGE_LOOP('',(#1470,#1471,#1472,#1473));
#336=EDGE_LOOP('',(#1474,#1475,#1476,#1477));
#337=EDGE_LOOP('',(#1478,#1479,#1480,#1481));
#338=EDGE_LOOP('',(#1482,#1483,#1484,#1485,#1486,#1487));
#339=EDGE_LOOP('',(#1488,#1489,#1490,#1491,#1492,#1493));
#340=EDGE_LOOP('',(#1494,#1495,#1496,#1497));
#341=EDGE_LOOP('',(#1498,#1499,#1500,#1501,#1502,#1503,#1504,#1505));
#342=EDGE_LOOP('',(#1506,#1507,#1508,#1509,#1510,#1511));
#343=EDGE_LOOP('',(#1512,#1513,#1514));
#344=EDGE_LOOP('',(#1515,#1516,#1517,#1518,#1519,#1520,#1521));
#345=EDGE_LOOP('',(#1522,#1523,#1524,#1525,#1526,#1527));
#346=EDGE_LOOP('',(#1528,#1529,#1530,#1531,#1532,#1533));
#347=EDGE_LOOP('',(#1534,#1535,#1536,#1537,#1538,#1539));
#348=EDGE_LOOP('',(#1540,#1541,#1542,#1543,#1544,#1545));
#349=EDGE_LOOP('',(#1546,#1547,#1548,#1549,#1550));
#350=EDGE_LOOP('',(#1551));
#351=EDGE_LOOP('',(#1552,#1553,#1554));
#352=EDGE_LOOP('',(#1555,#1556,#1557));
#353=EDGE_LOOP('',(#1558,#1559,#1560,#1561,#1562,#1563,#1564,#1565));
#354=EDGE_LOOP('',(#1566,#1567));
#355=EDGE_LOOP('',(#1568,#1569));
#356=EDGE_LOOP('',(#1570,#1571));
#357=EDGE_LOOP('',(#1572,#1573,#1574,#1575,#1576,#1577));
#358=EDGE_LOOP('',(#1578,#1579,#1580,#1581,#1582,#1583));
#359=EDGE_LOOP('',(#1584,#1585,#1586,#1587,#1588,#1589));
#360=EDGE_LOOP('',(#1590,#1591,#1592,#1593));
#361=EDGE_LOOP('',(#1594,#1595));
#362=EDGE_LOOP('',(#1596,#1597));
#363=EDGE_LOOP('',(#1598,#1599));
#364=EDGE_LOOP('',(#1600,#1601,#1602,#1603,#1604,#1605));
#365=EDGE_LOOP('',(#1606,#1607,#1608,#1609,#1610,#1611));
#366=EDGE_LOOP('',(#1612,#1613,#1614,#1615,#1616,#1617));
#367=EDGE_LOOP('',(#1618,#1619,#1620,#1621));
#368=LINE('',#2795,#473);
#369=LINE('',#2803,#474);
#370=LINE('',#2818,#475);
#371=LINE('',#2826,#476);
#372=LINE('',#2837,#477);
#373=LINE('',#2844,#478);
#374=LINE('',#2851,#479);
#375=LINE('',#2853,#480);
#376=LINE('',#2855,#481);
#377=LINE('',#2921,#482);
#378=LINE('',#2929,#483);
#379=LINE('',#2963,#484);
#380=LINE('',#2993,#485);
#381=LINE('',#2997,#486);
#382=LINE('',#3006,#487);
#383=LINE('',#3008,#488);
#384=LINE('',#3010,#489);
#385=LINE('',#3019,#490);
#386=LINE('',#3021,#491);
#387=LINE('',#3023,#492);
#388=LINE('',#3028,#493);
#389=LINE('',#3041,#494);
#390=LINE('',#3047,#495);
#391=LINE('',#3049,#496);
#392=LINE('',#3050,#497);
#393=LINE('',#3052,#498);
#394=LINE('',#3055,#499);
#395=LINE('',#3057,#500);
#396=LINE('',#3058,#501);
#397=LINE('',#3061,#502);
#398=LINE('',#3063,#503);
#399=LINE('',#3064,#504);
#400=LINE('',#3067,#505);
#401=LINE('',#3071,#506);
#402=LINE('',#3073,#507);
#403=LINE('',#3077,#508);
#404=LINE('',#3081,#509);
#405=LINE('',#3082,#510);
#406=LINE('',#3086,#511);
#407=LINE('',#3089,#512);
#408=LINE('',#3094,#513);
#409=LINE('',#3104,#514);
#410=LINE('',#3107,#515);
#411=LINE('',#3111,#516);
#412=LINE('',#3114,#517);
#413=LINE('',#3118,#518);
#414=LINE('',#3122,#519);
#415=LINE('',#3124,#520);
#416=LINE('',#3125,#521);
#417=LINE('',#3128,#522);
#418=LINE('',#3135,#523);
#419=LINE('',#3139,#524);
#420=LINE('',#3140,#525);
#421=LINE('',#3141,#526);
#422=LINE('',#3145,#527);
#423=LINE('',#3148,#528);
#424=LINE('',#3149,#529);
#425=LINE('',#3159,#530);
#426=LINE('',#3162,#531);
#427=LINE('',#3164,#532);
#428=LINE('',#3166,#533);
#429=LINE('',#3169,#534);
#430=LINE('',#3176,#535);
#431=LINE('',#3178,#536);
#432=LINE('',#3180,#537);
#433=LINE('',#3204,#538);
#434=LINE('',#3205,#539);
#435=LINE('',#3216,#540);
#436=LINE('',#3217,#541);
#437=LINE('',#3236,#542);
#438=LINE('',#3237,#543);
#439=LINE('',#3256,#544);
#440=LINE('',#3257,#545);
#441=LINE('',#3268,#546);
#442=LINE('',#3269,#547);
#443=LINE('',#3285,#548);
#444=LINE('',#3286,#549);
#445=LINE('',#3289,#550);
#446=LINE('',#3291,#551);
#447=LINE('',#3292,#552);
#448=LINE('',#3295,#553);
#449=LINE('',#3299,#554);
#450=LINE('',#3301,#555);
#451=LINE('',#3304,#556);
#452=LINE('',#3307,#557);
#453=LINE('',#3310,#558);
#454=LINE('',#3312,#559);
#455=LINE('',#3315,#560);
#456=LINE('',#3318,#561);
#457=LINE('',#3320,#562);
#458=LINE('',#3324,#563);
#459=LINE('',#3327,#564);
#460=LINE('',#3328,#565);
#461=LINE('',#3331,#566);
#462=LINE('',#3332,#567);
#463=LINE('',#3384,#568);
#464=LINE('',#3396,#569);
#465=LINE('',#3408,#570);
#466=LINE('',#3427,#571);
#467=LINE('',#3476,#572);
#468=LINE('',#3482,#573);
#469=LINE('',#3485,#574);
#470=LINE('',#3508,#575);
#471=LINE('',#3514,#576);
#472=LINE('',#3517,#577);
#473=VECTOR('',#2188,15.);
#474=VECTOR('',#2199,15.);
#475=VECTOR('',#2218,15.);
#476=VECTOR('',#2229,15.);
#477=VECTOR('',#2244,15.);
#478=VECTOR('',#2253,10.);
#479=VECTOR('',#2254,10.);
#480=VECTOR('',#2255,10.);
#481=VECTOR('',#2256,10.);
#482=VECTOR('',#2259,10.);
#483=VECTOR('',#2266,10.);
#484=VECTOR('',#2271,10.);
#485=VECTOR('',#2274,10.);
#486=VECTOR('',#2277,10.);
#487=VECTOR('',#2282,10.);
#488=VECTOR('',#2283,10.);
#489=VECTOR('',#2284,10.);
#490=VECTOR('',#2289,10.);
#491=VECTOR('',#2290,10.);
#492=VECTOR('',#2291,10.);
#493=VECTOR('',#2298,10.);
#494=VECTOR('',#2315,10.);
#495=VECTOR('',#2322,10.);
#496=VECTOR('',#2323,10.);
#497=VECTOR('',#2324,10.);
#498=VECTOR('',#2327,10.);
#499=VECTOR('',#2330,10.);
#500=VECTOR('',#2331,10.);
#501=VECTOR('',#2332,10.);
#502=VECTOR('',#2335,10.);
#503=VECTOR('',#2336,10.);
#504=VECTOR('',#2337,10.);
#505=VECTOR('',#2340,10.);
#506=VECTOR('',#2345,10.);
#507=VECTOR('',#2346,10.);
#508=VECTOR('',#2349,10.);
#509=VECTOR('',#2352,10.);
#510=VECTOR('',#2353,10.);
#511=VECTOR('',#2356,10.);
#512=VECTOR('',#2359,10.);
#513=VECTOR('',#2364,10.);
#514=VECTOR('',#2377,10.);
#515=VECTOR('',#2380,10.);
#516=VECTOR('',#2385,10.);
#517=VECTOR('',#2388,10.);
#518=VECTOR('',#2393,10.);
#519=VECTOR('',#2400,10.);
#520=VECTOR('',#2403,10.);
#521=VECTOR('',#2404,10.);
#522=VECTOR('',#2407,10.);
#523=VECTOR('',#2418,10.);
#524=VECTOR('',#2421,10.);
#525=VECTOR('',#2422,10.);
#526=VECTOR('',#2423,10.);
#527=VECTOR('',#2428,10.);
#528=VECTOR('',#2431,10.);
#529=VECTOR('',#2432,10.);
#530=VECTOR('',#2447,10.);
#531=VECTOR('',#2452,10.);
#532=VECTOR('',#2455,10.);
#533=VECTOR('',#2458,10.);
#534=VECTOR('',#2461,10.);
#535=VECTOR('',#2472,10.);
#536=VECTOR('',#2475,10.);
#537=VECTOR('',#2478,10.);
#538=VECTOR('',#2495,10.);
#539=VECTOR('',#2496,10.);
#540=VECTOR('',#2509,10.);
#541=VECTOR('',#2510,10.);
#542=VECTOR('',#2521,10.);
#543=VECTOR('',#2522,10.);
#544=VECTOR('',#2533,10.);
#545=VECTOR('',#2534,10.);
#546=VECTOR('',#2547,10.);
#547=VECTOR('',#2548,10.);
#548=VECTOR('',#2557,10.);
#549=VECTOR('',#2558,10.);
#550=VECTOR('',#2561,10.);
#551=VECTOR('',#2562,10.);
#552=VECTOR('',#2563,10.);
#553=VECTOR('',#2566,10.);
#554=VECTOR('',#2571,10.);
#555=VECTOR('',#2572,10.);
#556=VECTOR('',#2575,10.);
#557=VECTOR('',#2578,10.);
#558=VECTOR('',#2583,10.);
#559=VECTOR('',#2586,10.);
#560=VECTOR('',#2589,10.);
#561=VECTOR('',#2592,10.);
#562=VECTOR('',#2595,10.);
#563=VECTOR('',#2600,10.);
#564=VECTOR('',#2603,10.);
#565=VECTOR('',#2604,10.);
#566=VECTOR('',#2607,10.);
#567=VECTOR('',#2608,10.);
#568=VECTOR('',#2639,15.);
#569=VECTOR('',#2654,15.);
#570=VECTOR('',#2669,15.);
#571=VECTOR('',#2694,15.);
#572=VECTOR('',#2721,5.);
#573=VECTOR('',#2728,0.5);
#574=VECTOR('',#2731,0.5);
#575=VECTOR('',#2760,9.);
#576=VECTOR('',#2767,0.5);
#577=VECTOR('',#2770,0.5);
#578=CIRCLE('',#1931,15.);
#579=CIRCLE('',#1932,15.);
#580=CIRCLE('',#1934,125.);
#581=CIRCLE('',#1935,15.);
#582=CIRCLE('',#1937,15.);
#583=CIRCLE('',#1938,15.);
#584=CIRCLE('',#1940,105.);
#585=CIRCLE('',#1941,15.);
#586=CIRCLE('',#1942,15.);
#587=CIRCLE('',#1945,15.);
#588=CIRCLE('',#1946,15.);
#589=CIRCLE('',#1948,125.);
#590=CIRCLE('',#1949,15.);
#591=CIRCLE('',#1951,15.);
#592=CIRCLE('',#1952,15.);
#593=CIRCLE('',#1954,105.);
#594=CIRCLE('',#1955,15.);
#595=CIRCLE('',#1956,15.);
#596=CIRCLE('',#1969,15.);
#597=CIRCLE('',#1970,15.);
#598=CIRCLE('',#1973,105.);
#599=CIRCLE('',#1974,96.9999999999999);
#600=CIRCLE('',#1976,96.9999999999999);
#601=CIRCLE('',#1977,105.);
#602=CIRCLE('',#1979,105.);
#603=CIRCLE('',#1980,15.);
#604=CIRCLE('',#1981,90.1339312526814);
#605=CIRCLE('',#1982,15.);
#606=CIRCLE('',#1983,105.);
#607=CIRCLE('',#1985,96.9999999999999);
#608=CIRCLE('',#1987,96.9999999999999);
#609=CIRCLE('',#1992,15.);
#610=CIRCLE('',#1994,63.);
#611=CIRCLE('',#1995,63.);
#612=CIRCLE('',#1996,50.);
#613=CIRCLE('',#1997,50.);
#614=CIRCLE('',#1999,50.0000000000002);
#615=CIRCLE('',#2000,50.0000000000001);
#616=CIRCLE('',#2002,15.);
#617=CIRCLE('',#2003,63.0000000000001);
#618=CIRCLE('',#2004,15.);
#619=CIRCLE('',#2006,63.);
#620=CIRCLE('',#2008,15.);
#621=CIRCLE('',#2010,96.9999999999999);
#622=CIRCLE('',#2011,96.9999999999999);
#623=CIRCLE('',#2013,90.1339312526814);
#624=CIRCLE('',#2017,50.);
#625=CIRCLE('',#2019,15.);
#626=CIRCLE('',#2020,63.);
#627=CIRCLE('',#2024,15.);
#628=CIRCLE('',#2027,50.0000000000001);
#629=CIRCLE('',#2028,50.0000000000002);
#630=CIRCLE('',#2030,15.);
#631=CIRCLE('',#2031,63.0000000000001);
#632=CIRCLE('',#2033,63.);
#633=CIRCLE('',#2038,50.);
#634=CIRCLE('',#2040,15.);
#635=CIRCLE('',#2041,63.);
#636=CIRCLE('',#2047,39.9999999999997);
#637=CIRCLE('',#2048,63.);
#638=CIRCLE('',#2049,40.0000000000001);
#639=CIRCLE('',#2050,23.);
#640=CIRCLE('',#2052,40.);
#641=CIRCLE('',#2054,39.9999999999999);
#642=CIRCLE('',#2055,47.);
#643=CIRCLE('',#2056,87.);
#644=CIRCLE('',#2058,40.);
#645=CIRCLE('',#2059,40.);
#646=CIRCLE('',#2060,23.);
#647=CIRCLE('',#2061,63.);
#648=CIRCLE('',#2063,40.);
#649=CIRCLE('',#2064,40.);
#650=CIRCLE('',#2065,23.);
#651=CIRCLE('',#2066,63.);
#652=CIRCLE('',#2068,40.);
#653=CIRCLE('',#2070,40.);
#654=CIRCLE('',#2071,47.);
#655=CIRCLE('',#2072,87.);
#656=CIRCLE('',#2074,40.);
#657=CIRCLE('',#2075,39.9999999999999);
#658=CIRCLE('',#2076,23.);
#659=CIRCLE('',#2077,63.);
#660=CIRCLE('',#2081,63.);
#661=CIRCLE('',#2083,96.9999999999999);
#662=CIRCLE('',#2085,63.);
#663=CIRCLE('',#2089,63.);
#664=CIRCLE('',#2092,63.);
#665=CIRCLE('',#2096,96.9999999999999);
#666=CIRCLE('',#2103,15.);
#667=CIRCLE('',#2104,15.);
#668=CIRCLE('',#2106,82.0000000000002);
#669=CIRCLE('',#2107,15.);
#670=CIRCLE('',#2108,15.);
#671=CIRCLE('',#2110,15.);
#672=CIRCLE('',#2111,15.);
#673=CIRCLE('',#2113,171.);
#674=CIRCLE('',#2114,15.);
#675=CIRCLE('',#2115,15.);
#676=CIRCLE('',#2117,15.);
#677=CIRCLE('',#2118,15.);
#678=CIRCLE('',#2120,45.);
#679=CIRCLE('',#2121,15.);
#680=CIRCLE('',#2122,15.);
#681=CIRCLE('',#2124,15.);
#682=CIRCLE('',#2138,5.);
#683=CIRCLE('',#2139,5.);
#684=CIRCLE('',#2140,0.5);
#685=CIRCLE('',#2141,0.5);
#686=CIRCLE('',#2143,2.);
#687=CIRCLE('',#2144,2.);
#688=CIRCLE('',#2145,5.);
#689=CIRCLE('',#2146,5.);
#690=CIRCLE('',#2147,3.);
#691=CIRCLE('',#2150,0.5);
#692=CIRCLE('',#2151,0.5);
#693=CIRCLE('',#2155,9.);
#694=CIRCLE('',#2156,9.);
#695=CIRCLE('',#2157,0.499999999999999);
#696=CIRCLE('',#2158,0.499999999999999);
#697=CIRCLE('',#2160,5.);
#698=CIRCLE('',#2161,5.);
#699=CIRCLE('',#2163,9.);
#700=CIRCLE('',#2164,9.);
#701=CIRCLE('',#2165,4.);
#702=CIRCLE('',#2168,0.5);
#703=CIRCLE('',#2169,0.5);
#704=VERTEX_POINT('',#2792);
#705=VERTEX_POINT('',#2794);
#706=VERTEX_POINT('',#2798);
#707=VERTEX_POINT('',#2802);
#708=VERTEX_POINT('',#2804);
#709=VERTEX_POINT('',#2808);
#710=VERTEX_POINT('',#2810);
#711=VERTEX_POINT('',#2815);
#712=VERTEX_POINT('',#2817);
#713=VERTEX_POINT('',#2821);
#714=VERTEX_POINT('',#2825);
#715=VERTEX_POINT('',#2827);
#716=VERTEX_POINT('',#2831);
#717=VERTEX_POINT('',#2833);
#718=VERTEX_POINT('',#2842);
#719=VERTEX_POINT('',#2843);
#720=VERTEX_POINT('',#2845);
#721=VERTEX_POINT('',#2850);
#722=VERTEX_POINT('',#2852);
#723=VERTEX_POINT('',#2854);
#724=VERTEX_POINT('',#2861);
#725=VERTEX_POINT('',#2862);
#726=VERTEX_POINT('',#2891);
#727=VERTEX_POINT('',#2906);
#728=VERTEX_POINT('',#2923);
#729=VERTEX_POINT('',#2924);
#730=VERTEX_POINT('',#2926);
#731=VERTEX_POINT('',#2928);
#732=VERTEX_POINT('',#2930);
#733=VERTEX_POINT('',#2932);
#734=VERTEX_POINT('',#2934);
#735=VERTEX_POINT('',#2962);
#736=VERTEX_POINT('',#2992);
#737=VERTEX_POINT('',#2994);
#738=VERTEX_POINT('',#2996);
#739=VERTEX_POINT('',#3000);
#740=VERTEX_POINT('',#3005);
#741=VERTEX_POINT('',#3007);
#742=VERTEX_POINT('',#3009);
#743=VERTEX_POINT('',#3016);
#744=VERTEX_POINT('',#3018);
#745=VERTEX_POINT('',#3020);
#746=VERTEX_POINT('',#3022);
#747=VERTEX_POINT('',#3026);
#748=VERTEX_POINT('',#3031);
#749=VERTEX_POINT('',#3033);
#750=VERTEX_POINT('',#3035);
#751=VERTEX_POINT('',#3040);
#752=VERTEX_POINT('',#3044);
#753=VERTEX_POINT('',#3046);
#754=VERTEX_POINT('',#3048);
#755=VERTEX_POINT('',#3054);
#756=VERTEX_POINT('',#3056);
#757=VERTEX_POINT('',#3060);
#758=VERTEX_POINT('',#3062);
#759=VERTEX_POINT('',#3066);
#760=VERTEX_POINT('',#3070);
#761=VERTEX_POINT('',#3072);
#762=VERTEX_POINT('',#3074);
#763=VERTEX_POINT('',#3076);
#764=VERTEX_POINT('',#3078);
#765=VERTEX_POINT('',#3080);
#766=VERTEX_POINT('',#3083);
#767=VERTEX_POINT('',#3085);
#768=VERTEX_POINT('',#3087);
#769=VERTEX_POINT('',#3091);
#770=VERTEX_POINT('',#3093);
#771=VERTEX_POINT('',#3097);
#772=VERTEX_POINT('',#3099);
#773=VERTEX_POINT('',#3103);
#774=VERTEX_POINT('',#3105);
#775=VERTEX_POINT('',#3109);
#776=VERTEX_POINT('',#3113);
#777=VERTEX_POINT('',#3116);
#778=VERTEX_POINT('',#3127);
#779=VERTEX_POINT('',#3131);
#780=VERTEX_POINT('',#3137);
#781=VERTEX_POINT('',#3138);
#782=VERTEX_POINT('',#3143);
#783=VERTEX_POINT('',#3147);
#784=VERTEX_POINT('',#3154);
#785=VERTEX_POINT('',#3158);
#786=VERTEX_POINT('',#3168);
#787=VERTEX_POINT('',#3172);
#788=VERTEX_POINT('',#3192);
#789=VERTEX_POINT('',#3193);
#790=VERTEX_POINT('',#3195);
#791=VERTEX_POINT('',#3197);
#792=VERTEX_POINT('',#3201);
#793=VERTEX_POINT('',#3202);
#794=VERTEX_POINT('',#3207);
#795=VERTEX_POINT('',#3208);
#796=VERTEX_POINT('',#3213);
#797=VERTEX_POINT('',#3214);
#798=VERTEX_POINT('',#3227);
#799=VERTEX_POINT('',#3228);
#800=VERTEX_POINT('',#3233);
#801=VERTEX_POINT('',#3234);
#802=VERTEX_POINT('',#3247);
#803=VERTEX_POINT('',#3248);
#804=VERTEX_POINT('',#3253);
#805=VERTEX_POINT('',#3254);
#806=VERTEX_POINT('',#3259);
#807=VERTEX_POINT('',#3260);
#808=VERTEX_POINT('',#3265);
#809=VERTEX_POINT('',#3266);
#810=VERTEX_POINT('',#3279);
#811=VERTEX_POINT('',#3280);
#812=VERTEX_POINT('',#3288);
#813=VERTEX_POINT('',#3290);
#814=VERTEX_POINT('',#3294);
#815=VERTEX_POINT('',#3298);
#816=VERTEX_POINT('',#3300);
#817=VERTEX_POINT('',#3302);
#818=VERTEX_POINT('',#3306);
#819=VERTEX_POINT('',#3314);
#820=VERTEX_POINT('',#3316);
#821=VERTEX_POINT('',#3322);
#822=VERTEX_POINT('',#3326);
#823=VERTEX_POINT('',#3330);
#824=VERTEX_POINT('',#3341);
#825=VERTEX_POINT('',#3342);
#826=VERTEX_POINT('',#3373);
#827=VERTEX_POINT('',#3377);
#828=VERTEX_POINT('',#3379);
#829=VERTEX_POINT('',#3383);
#830=VERTEX_POINT('',#3385);
#831=VERTEX_POINT('',#3389);
#832=VERTEX_POINT('',#3391);
#833=VERTEX_POINT('',#3395);
#834=VERTEX_POINT('',#3397);
#835=VERTEX_POINT('',#3401);
#836=VERTEX_POINT('',#3403);
#837=VERTEX_POINT('',#3407);
#838=VERTEX_POINT('',#3413);
#839=VERTEX_POINT('',#3414);
#840=VERTEX_POINT('',#3416);
#841=VERTEX_POINT('',#3420);
#842=VERTEX_POINT('',#3421);
#843=VERTEX_POINT('',#3423);
#844=VERTEX_POINT('',#3430);
#845=VERTEX_POINT('',#3431);
#846=VERTEX_POINT('',#3434);
#847=VERTEX_POINT('',#3435);
#848=VERTEX_POINT('',#3439);
#849=VERTEX_POINT('',#3440);
#850=VERTEX_POINT('',#3470);
#851=VERTEX_POINT('',#3471);
#852=VERTEX_POINT('',#3478);
#853=VERTEX_POINT('',#3479);
#854=VERTEX_POINT('',#3484);
#855=VERTEX_POINT('',#3488);
#856=VERTEX_POINT('',#3489);
#857=VERTEX_POINT('',#3492);
#858=VERTEX_POINT('',#3493);
#859=VERTEX_POINT('',#3497);
#860=VERTEX_POINT('',#3498);
#861=VERTEX_POINT('',#3502);
#862=VERTEX_POINT('',#3503);
#863=VERTEX_POINT('',#3510);
#864=VERTEX_POINT('',#3511);
#865=VERTEX_POINT('',#3516);
#866=EDGE_CURVE('',#704,#704,#578,.T.);
#867=EDGE_CURVE('',#704,#705,#368,.T.);
#868=EDGE_CURVE('',#705,#705,#579,.T.);
#869=EDGE_CURVE('',#705,#706,#580,.T.);
#870=EDGE_CURVE('',#706,#706,#581,.T.);
#871=EDGE_CURVE('',#706,#707,#369,.T.);
#872=EDGE_CURVE('',#708,#707,#582,.T.);
#873=EDGE_CURVE('',#707,#708,#583,.T.);
#874=EDGE_CURVE('',#708,#709,#584,.T.);
#875=EDGE_CURVE('',#710,#709,#585,.T.);
#876=EDGE_CURVE('',#709,#710,#586,.T.);
#877=EDGE_CURVE('',#711,#711,#587,.T.);
#878=EDGE_CURVE('',#711,#712,#370,.T.);
#879=EDGE_CURVE('',#712,#712,#588,.T.);
#880=EDGE_CURVE('',#712,#713,#589,.T.);
#881=EDGE_CURVE('',#713,#713,#590,.T.);
#882=EDGE_CURVE('',#713,#714,#371,.T.);
#883=EDGE_CURVE('',#714,#715,#591,.T.);
#884=EDGE_CURVE('',#715,#714,#592,.T.);
#885=EDGE_CURVE('',#715,#716,#593,.T.);
#886=EDGE_CURVE('',#716,#717,#594,.T.);
#887=EDGE_CURVE('',#717,#716,#595,.T.);
#888=EDGE_CURVE('',#717,#710,#372,.T.);
#889=EDGE_CURVE('',#718,#719,#373,.T.);
#890=EDGE_CURVE('',#720,#718,#75,.T.);
#891=EDGE_CURVE('',#721,#720,#374,.T.);
#892=EDGE_CURVE('',#721,#722,#375,.T.);
#893=EDGE_CURVE('',#723,#722,#376,.T.);
#894=EDGE_CURVE('',#719,#723,#76,.T.);
#895=EDGE_CURVE('',#724,#725,#77,.F.);
#896=EDGE_CURVE('',#725,#718,#78,.F.);
#897=EDGE_CURVE('',#719,#726,#79,.F.);
#898=EDGE_CURVE('',#726,#727,#80,.F.);
#899=EDGE_CURVE('',#727,#724,#377,.T.);
#900=EDGE_CURVE('',#728,#729,#65,.T.);
#901=EDGE_CURVE('',#729,#730,#66,.F.);
#902=EDGE_CURVE('',#730,#731,#378,.T.);
#903=EDGE_CURVE('',#731,#732,#67,.F.);
#904=EDGE_CURVE('',#732,#733,#68,.T.);
#905=EDGE_CURVE('',#734,#733,#81,.T.);
#906=EDGE_CURVE('',#734,#735,#379,.T.);
#907=EDGE_CURVE('',#735,#728,#82,.F.);
#908=EDGE_CURVE('',#736,#731,#380,.T.);
#909=EDGE_CURVE('',#737,#736,#596,.T.);
#910=EDGE_CURVE('',#737,#738,#381,.T.);
#911=EDGE_CURVE('',#738,#733,#597,.T.);
#912=EDGE_CURVE('',#739,#727,#83,.T.);
#913=EDGE_CURVE('',#740,#739,#382,.T.);
#914=EDGE_CURVE('',#740,#741,#383,.T.);
#915=EDGE_CURVE('',#742,#741,#384,.T.);
#916=EDGE_CURVE('',#724,#742,#84,.T.);
#917=EDGE_CURVE('',#720,#743,#598,.T.);
#918=EDGE_CURVE('',#743,#744,#385,.T.);
#919=EDGE_CURVE('',#744,#745,#386,.T.);
#920=EDGE_CURVE('',#746,#745,#387,.T.);
#921=EDGE_CURVE('',#721,#746,#599,.T.);
#922=EDGE_CURVE('',#747,#741,#600,.T.);
#923=EDGE_CURVE('',#747,#734,#388,.T.);
#924=EDGE_CURVE('',#734,#742,#601,.T.);
#925=EDGE_CURVE('',#723,#748,#602,.T.);
#926=EDGE_CURVE('',#749,#748,#603,.T.);
#927=EDGE_CURVE('',#750,#749,#604,.T.);
#928=EDGE_CURVE('',#750,#728,#605,.T.);
#929=EDGE_CURVE('',#735,#739,#606,.T.);
#930=EDGE_CURVE('',#735,#751,#389,.T.);
#931=EDGE_CURVE('',#751,#740,#607,.T.);
#932=EDGE_CURVE('',#722,#752,#608,.T.);
#933=EDGE_CURVE('',#752,#753,#390,.T.);
#934=EDGE_CURVE('',#754,#753,#391,.T.);
#935=EDGE_CURVE('',#748,#754,#392,.T.);
#936=EDGE_CURVE('',#747,#751,#393,.T.);
#937=EDGE_CURVE('',#755,#730,#394,.T.);
#938=EDGE_CURVE('',#755,#756,#395,.T.);
#939=EDGE_CURVE('',#731,#756,#396,.T.);
#940=EDGE_CURVE('',#757,#730,#397,.T.);
#941=EDGE_CURVE('',#757,#758,#398,.T.);
#942=EDGE_CURVE('',#758,#755,#399,.T.);
#943=EDGE_CURVE('',#759,#750,#400,.T.);
#944=EDGE_CURVE('',#759,#757,#609,.T.);
#945=EDGE_CURVE('',#747,#760,#401,.T.);
#946=EDGE_CURVE('',#761,#760,#402,.T.);
#947=EDGE_CURVE('',#762,#761,#610,.T.);
#948=EDGE_CURVE('',#763,#762,#403,.T.);
#949=EDGE_CURVE('',#763,#764,#611,.T.);
#950=EDGE_CURVE('',#764,#765,#404,.T.);
#951=EDGE_CURVE('',#751,#765,#405,.T.);
#952=EDGE_CURVE('',#766,#758,#612,.T.);
#953=EDGE_CURVE('',#767,#766,#406,.T.);
#954=EDGE_CURVE('',#767,#768,#613,.T.);
#955=EDGE_CURVE('',#768,#756,#407,.T.);
#956=EDGE_CURVE('',#744,#769,#614,.T.);
#957=EDGE_CURVE('',#769,#770,#408,.T.);
#958=EDGE_CURVE('',#745,#770,#615,.T.);
#959=EDGE_CURVE('',#771,#744,#616,.T.);
#960=EDGE_CURVE('',#771,#772,#617,.T.);
#961=EDGE_CURVE('',#772,#769,#618,.T.);
#962=EDGE_CURVE('',#773,#771,#409,.T.);
#963=EDGE_CURVE('',#773,#774,#619,.T.);
#964=EDGE_CURVE('',#774,#772,#410,.T.);
#965=EDGE_CURVE('',#775,#743,#620,.T.);
#966=EDGE_CURVE('',#775,#771,#411,.T.);
#967=EDGE_CURVE('',#746,#776,#412,.T.);
#968=EDGE_CURVE('',#760,#776,#621,.T.);
#969=EDGE_CURVE('',#765,#777,#622,.T.);
#970=EDGE_CURVE('',#752,#777,#413,.T.);
#971=EDGE_CURVE('',#738,#775,#623,.T.);
#972=EDGE_CURVE('',#736,#768,#414,.T.);
#973=EDGE_CURVE('',#761,#737,#415,.T.);
#974=EDGE_CURVE('',#776,#773,#416,.T.);
#975=EDGE_CURVE('',#778,#767,#417,.T.);
#976=EDGE_CURVE('',#778,#736,#624,.T.);
#977=EDGE_CURVE('',#779,#778,#625,.T.);
#978=EDGE_CURVE('',#779,#737,#626,.T.);
#979=EDGE_CURVE('',#762,#779,#418,.T.);
#980=EDGE_CURVE('',#780,#781,#419,.T.);
#981=EDGE_CURVE('',#781,#770,#420,.T.);
#982=EDGE_CURVE('',#780,#769,#421,.T.);
#983=EDGE_CURVE('',#782,#780,#627,.T.);
#984=EDGE_CURVE('',#782,#772,#422,.T.);
#985=EDGE_CURVE('',#783,#782,#423,.T.);
#986=EDGE_CURVE('',#783,#774,#424,.T.);
#987=EDGE_CURVE('',#753,#781,#628,.T.);
#988=EDGE_CURVE('',#754,#780,#629,.T.);
#989=EDGE_CURVE('',#784,#754,#630,.T.);
#990=EDGE_CURVE('',#784,#782,#631,.T.);
#991=EDGE_CURVE('',#785,#784,#425,.T.);
#992=EDGE_CURVE('',#785,#783,#632,.T.);
#993=EDGE_CURVE('',#777,#785,#426,.T.);
#994=EDGE_CURVE('',#749,#784,#427,.T.);
#995=EDGE_CURVE('',#764,#759,#428,.T.);
#996=EDGE_CURVE('',#786,#766,#429,.T.);
#997=EDGE_CURVE('',#786,#757,#633,.T.);
#998=EDGE_CURVE('',#787,#786,#634,.T.);
#999=EDGE_CURVE('',#787,#759,#635,.T.);
#1000=EDGE_CURVE('',#763,#787,#430,.T.);
#1001=EDGE_CURVE('',#778,#786,#431,.T.);
#1002=EDGE_CURVE('',#779,#787,#432,.T.);
#1003=EDGE_CURVE('',#788,#789,#636,.T.);
#1004=EDGE_CURVE('',#789,#790,#637,.T.);
#1005=EDGE_CURVE('',#790,#791,#638,.T.);
#1006=EDGE_CURVE('',#791,#788,#639,.T.);
#1007=EDGE_CURVE('',#792,#793,#640,.T.);
#1008=EDGE_CURVE('',#793,#791,#433,.T.);
#1009=EDGE_CURVE('',#790,#792,#434,.T.);
#1010=EDGE_CURVE('',#794,#795,#641,.T.);
#1011=EDGE_CURVE('',#795,#793,#642,.T.);
#1012=EDGE_CURVE('',#792,#794,#643,.T.);
#1013=EDGE_CURVE('',#796,#797,#644,.T.);
#1014=EDGE_CURVE('',#797,#795,#435,.T.);
#1015=EDGE_CURVE('',#794,#796,#436,.T.);
#1016=EDGE_CURVE('',#798,#799,#645,.T.);
#1017=EDGE_CURVE('',#799,#797,#646,.T.);
#1018=EDGE_CURVE('',#796,#798,#647,.T.);
#1019=EDGE_CURVE('',#800,#801,#648,.T.);
#1020=EDGE_CURVE('',#801,#799,#437,.T.);
#1021=EDGE_CURVE('',#798,#800,#438,.T.);
#1022=EDGE_CURVE('',#802,#803,#649,.T.);
#1023=EDGE_CURVE('',#803,#801,#650,.T.);
#1024=EDGE_CURVE('',#800,#802,#651,.T.);
#1025=EDGE_CURVE('',#804,#805,#652,.T.);
#1026=EDGE_CURVE('',#805,#803,#439,.T.);
#1027=EDGE_CURVE('',#802,#804,#440,.T.);
#1028=EDGE_CURVE('',#806,#807,#653,.T.);
#1029=EDGE_CURVE('',#807,#805,#654,.T.);
#1030=EDGE_CURVE('',#804,#806,#655,.T.);
#1031=EDGE_CURVE('',#808,#809,#656,.T.);
#1032=EDGE_CURVE('',#809,#807,#441,.T.);
#1033=EDGE_CURVE('',#806,#808,#442,.T.);
#1034=EDGE_CURVE('',#810,#811,#657,.T.);
#1035=EDGE_CURVE('',#811,#809,#658,.T.);
#1036=EDGE_CURVE('',#808,#810,#659,.T.);
#1037=EDGE_CURVE('',#788,#811,#443,.T.);
#1038=EDGE_CURVE('',#810,#789,#444,.T.);
#1039=EDGE_CURVE('',#798,#812,#445,.T.);
#1040=EDGE_CURVE('',#813,#812,#446,.T.);
#1041=EDGE_CURVE('',#800,#813,#447,.T.);
#1042=EDGE_CURVE('',#814,#796,#448,.T.);
#1043=EDGE_CURVE('',#812,#814,#660,.T.);
#1044=EDGE_CURVE('',#790,#815,#449,.T.);
#1045=EDGE_CURVE('',#816,#815,#450,.T.);
#1046=EDGE_CURVE('',#817,#816,#661,.T.);
#1047=EDGE_CURVE('',#817,#814,#451,.T.);
#1048=EDGE_CURVE('',#818,#789,#452,.T.);
#1049=EDGE_CURVE('',#815,#818,#662,.T.);
#1050=EDGE_CURVE('',#807,#793,#453,.T.);
#1051=EDGE_CURVE('',#805,#795,#454,.T.);
#1052=EDGE_CURVE('',#808,#819,#455,.T.);
#1053=EDGE_CURVE('',#819,#820,#663,.T.);
#1054=EDGE_CURVE('',#820,#810,#456,.T.);
#1055=EDGE_CURVE('',#818,#820,#457,.T.);
#1056=EDGE_CURVE('',#813,#821,#664,.T.);
#1057=EDGE_CURVE('',#821,#802,#458,.T.);
#1058=EDGE_CURVE('',#817,#822,#459,.T.);
#1059=EDGE_CURVE('',#822,#821,#460,.T.);
#1060=EDGE_CURVE('',#823,#819,#461,.T.);
#1061=EDGE_CURVE('',#816,#823,#462,.T.);
#1062=EDGE_CURVE('',#822,#823,#665,.T.);
#1063=EDGE_CURVE('',#824,#825,#85,.T.);
#1064=EDGE_CURVE('',#824,#826,#666,.T.);
#1065=EDGE_CURVE('',#826,#825,#667,.T.);
#1066=EDGE_CURVE('',#826,#827,#668,.T.);
#1067=EDGE_CURVE('',#827,#828,#669,.T.);
#1068=EDGE_CURVE('',#828,#827,#670,.T.);
#1069=EDGE_CURVE('',#828,#829,#463,.T.);
#1070=EDGE_CURVE('',#829,#830,#671,.T.);
#1071=EDGE_CURVE('',#830,#829,#672,.T.);
#1072=EDGE_CURVE('',#830,#831,#673,.T.);
#1073=EDGE_CURVE('',#831,#832,#674,.T.);
#1074=EDGE_CURVE('',#832,#831,#675,.T.);
#1075=EDGE_CURVE('',#832,#833,#464,.T.);
#1076=EDGE_CURVE('',#833,#834,#676,.T.);
#1077=EDGE_CURVE('',#834,#833,#677,.T.);
#1078=EDGE_CURVE('',#834,#835,#678,.T.);
#1079=EDGE_CURVE('',#835,#836,#679,.T.);
#1080=EDGE_CURVE('',#836,#835,#680,.T.);
#1081=EDGE_CURVE('',#836,#837,#465,.T.);
#1082=EDGE_CURVE('',#837,#837,#681,.T.);
#1083=EDGE_CURVE('',#838,#839,#69,.T.);
#1084=EDGE_CURVE('',#840,#838,#70,.T.);
#1085=EDGE_CURVE('',#839,#840,#71,.T.);
#1086=EDGE_CURVE('',#841,#842,#72,.T.);
#1087=EDGE_CURVE('',#843,#841,#73,.T.);
#1088=EDGE_CURVE('',#842,#843,#74,.T.);
#1089=EDGE_CURVE('',#843,#839,#466,.T.);
#1090=EDGE_CURVE('',#844,#845,#682,.T.);
#1091=EDGE_CURVE('',#845,#844,#683,.T.);
#1092=EDGE_CURVE('',#846,#847,#684,.T.);
#1093=EDGE_CURVE('',#847,#846,#685,.T.);
#1094=EDGE_CURVE('',#848,#849,#686,.T.);
#1095=EDGE_CURVE('',#849,#848,#687,.T.);
#1096=EDGE_CURVE('',#850,#851,#688,.T.);
#1097=EDGE_CURVE('',#851,#850,#689,.T.);
#1098=EDGE_CURVE('',#851,#849,#690,.T.);
#1099=EDGE_CURVE('',#845,#851,#467,.T.);
#1100=EDGE_CURVE('',#852,#853,#691,.T.);
#1101=EDGE_CURVE('',#853,#852,#692,.T.);
#1102=EDGE_CURVE('',#853,#847,#468,.T.);
#1103=EDGE_CURVE('',#854,#853,#469,.T.);
#1104=EDGE_CURVE('',#855,#856,#693,.T.);
#1105=EDGE_CURVE('',#856,#855,#694,.T.);
#1106=EDGE_CURVE('',#857,#858,#695,.T.);
#1107=EDGE_CURVE('',#858,#857,#696,.T.);
#1108=EDGE_CURVE('',#859,#860,#697,.T.);
#1109=EDGE_CURVE('',#860,#859,#698,.T.);
#1110=EDGE_CURVE('',#861,#862,#699,.T.);
#1111=EDGE_CURVE('',#862,#861,#700,.T.);
#1112=EDGE_CURVE('',#862,#860,#701,.T.);
#1113=EDGE_CURVE('',#856,#862,#470,.T.);
#1114=EDGE_CURVE('',#863,#864,#702,.T.);
#1115=EDGE_CURVE('',#864,#863,#703,.T.);
#1116=EDGE_CURVE('',#864,#858,#471,.T.);
#1117=EDGE_CURVE('',#865,#864,#472,.T.);
#1118=ORIENTED_EDGE('',*,*,#866,.T.);
#1119=ORIENTED_EDGE('',*,*,#867,.T.);
#1120=ORIENTED_EDGE('',*,*,#868,.F.);
#1121=ORIENTED_EDGE('',*,*,#867,.F.);
#1122=ORIENTED_EDGE('',*,*,#868,.T.);
#1123=ORIENTED_EDGE('',*,*,#869,.T.);
#1124=ORIENTED_EDGE('',*,*,#870,.F.);
#1125=ORIENTED_EDGE('',*,*,#869,.F.);
#1126=ORIENTED_EDGE('',*,*,#870,.T.);
#1127=ORIENTED_EDGE('',*,*,#871,.T.);
#1128=ORIENTED_EDGE('',*,*,#872,.F.);
#1129=ORIENTED_EDGE('',*,*,#873,.F.);
#1130=ORIENTED_EDGE('',*,*,#871,.F.);
#1131=ORIENTED_EDGE('',*,*,#873,.T.);
#1132=ORIENTED_EDGE('',*,*,#874,.T.);
#1133=ORIENTED_EDGE('',*,*,#875,.F.);
#1134=ORIENTED_EDGE('',*,*,#876,.F.);
#1135=ORIENTED_EDGE('',*,*,#874,.F.);
#1136=ORIENTED_EDGE('',*,*,#872,.T.);
#1137=ORIENTED_EDGE('',*,*,#866,.F.);
#1138=ORIENTED_EDGE('',*,*,#877,.F.);
#1139=ORIENTED_EDGE('',*,*,#878,.T.);
#1140=ORIENTED_EDGE('',*,*,#879,.T.);
#1141=ORIENTED_EDGE('',*,*,#878,.F.);
#1142=ORIENTED_EDGE('',*,*,#879,.F.);
#1143=ORIENTED_EDGE('',*,*,#880,.T.);
#1144=ORIENTED_EDGE('',*,*,#881,.T.);
#1145=ORIENTED_EDGE('',*,*,#880,.F.);
#1146=ORIENTED_EDGE('',*,*,#881,.F.);
#1147=ORIENTED_EDGE('',*,*,#882,.T.);
#1148=ORIENTED_EDGE('',*,*,#883,.T.);
#1149=ORIENTED_EDGE('',*,*,#884,.T.);
#1150=ORIENTED_EDGE('',*,*,#882,.F.);
#1151=ORIENTED_EDGE('',*,*,#883,.F.);
#1152=ORIENTED_EDGE('',*,*,#884,.F.);
#1153=ORIENTED_EDGE('',*,*,#885,.T.);
#1154=ORIENTED_EDGE('',*,*,#886,.T.);
#1155=ORIENTED_EDGE('',*,*,#887,.T.);
#1156=ORIENTED_EDGE('',*,*,#885,.F.);
#1157=ORIENTED_EDGE('',*,*,#887,.F.);
#1158=ORIENTED_EDGE('',*,*,#888,.T.);
#1159=ORIENTED_EDGE('',*,*,#875,.T.);
#1160=ORIENTED_EDGE('',*,*,#876,.T.);
#1161=ORIENTED_EDGE('',*,*,#888,.F.);
#1162=ORIENTED_EDGE('',*,*,#886,.F.);
#1163=ORIENTED_EDGE('',*,*,#877,.T.);
#1164=ORIENTED_EDGE('',*,*,#889,.F.);
#1165=ORIENTED_EDGE('',*,*,#890,.F.);
#1166=ORIENTED_EDGE('',*,*,#891,.F.);
#1167=ORIENTED_EDGE('',*,*,#892,.T.);
#1168=ORIENTED_EDGE('',*,*,#893,.F.);
#1169=ORIENTED_EDGE('',*,*,#894,.F.);
#1170=ORIENTED_EDGE('',*,*,#895,.T.);
#1171=ORIENTED_EDGE('',*,*,#896,.T.);
#1172=ORIENTED_EDGE('',*,*,#889,.T.);
#1173=ORIENTED_EDGE('',*,*,#897,.T.);
#1174=ORIENTED_EDGE('',*,*,#898,.T.);
#1175=ORIENTED_EDGE('',*,*,#899,.T.);
#1176=ORIENTED_EDGE('',*,*,#900,.T.);
#1177=ORIENTED_EDGE('',*,*,#901,.T.);
#1178=ORIENTED_EDGE('',*,*,#902,.T.);
#1179=ORIENTED_EDGE('',*,*,#903,.T.);
#1180=ORIENTED_EDGE('',*,*,#904,.T.);
#1181=ORIENTED_EDGE('',*,*,#905,.F.);
#1182=ORIENTED_EDGE('',*,*,#906,.T.);
#1183=ORIENTED_EDGE('',*,*,#907,.T.);
#1184=ORIENTED_EDGE('',*,*,#904,.F.);
#1185=ORIENTED_EDGE('',*,*,#903,.F.);
#1186=ORIENTED_EDGE('',*,*,#908,.F.);
#1187=ORIENTED_EDGE('',*,*,#909,.F.);
#1188=ORIENTED_EDGE('',*,*,#910,.T.);
#1189=ORIENTED_EDGE('',*,*,#911,.T.);
#1190=ORIENTED_EDGE('',*,*,#899,.F.);
#1191=ORIENTED_EDGE('',*,*,#912,.F.);
#1192=ORIENTED_EDGE('',*,*,#913,.F.);
#1193=ORIENTED_EDGE('',*,*,#914,.T.);
#1194=ORIENTED_EDGE('',*,*,#915,.F.);
#1195=ORIENTED_EDGE('',*,*,#916,.F.);
#1196=ORIENTED_EDGE('',*,*,#891,.T.);
#1197=ORIENTED_EDGE('',*,*,#917,.T.);
#1198=ORIENTED_EDGE('',*,*,#918,.T.);
#1199=ORIENTED_EDGE('',*,*,#919,.T.);
#1200=ORIENTED_EDGE('',*,*,#920,.F.);
#1201=ORIENTED_EDGE('',*,*,#921,.F.);
#1202=ORIENTED_EDGE('',*,*,#915,.T.);
#1203=ORIENTED_EDGE('',*,*,#922,.F.);
#1204=ORIENTED_EDGE('',*,*,#923,.T.);
#1205=ORIENTED_EDGE('',*,*,#924,.T.);
#1206=ORIENTED_EDGE('',*,*,#894,.T.);
#1207=ORIENTED_EDGE('',*,*,#925,.T.);
#1208=ORIENTED_EDGE('',*,*,#926,.F.);
#1209=ORIENTED_EDGE('',*,*,#927,.F.);
#1210=ORIENTED_EDGE('',*,*,#928,.T.);
#1211=ORIENTED_EDGE('',*,*,#907,.F.);
#1212=ORIENTED_EDGE('',*,*,#929,.T.);
#1213=ORIENTED_EDGE('',*,*,#912,.T.);
#1214=ORIENTED_EDGE('',*,*,#898,.F.);
#1215=ORIENTED_EDGE('',*,*,#897,.F.);
#1216=ORIENTED_EDGE('',*,*,#913,.T.);
#1217=ORIENTED_EDGE('',*,*,#929,.F.);
#1218=ORIENTED_EDGE('',*,*,#930,.T.);
#1219=ORIENTED_EDGE('',*,*,#931,.T.);
#1220=ORIENTED_EDGE('',*,*,#893,.T.);
#1221=ORIENTED_EDGE('',*,*,#932,.T.);
#1222=ORIENTED_EDGE('',*,*,#933,.T.);
#1223=ORIENTED_EDGE('',*,*,#934,.F.);
#1224=ORIENTED_EDGE('',*,*,#935,.F.);
#1225=ORIENTED_EDGE('',*,*,#925,.F.);
#1226=ORIENTED_EDGE('',*,*,#906,.F.);
#1227=ORIENTED_EDGE('',*,*,#923,.F.);
#1228=ORIENTED_EDGE('',*,*,#936,.T.);
#1229=ORIENTED_EDGE('',*,*,#930,.F.);
#1230=ORIENTED_EDGE('',*,*,#902,.F.);
#1231=ORIENTED_EDGE('',*,*,#937,.F.);
#1232=ORIENTED_EDGE('',*,*,#938,.T.);
#1233=ORIENTED_EDGE('',*,*,#939,.F.);
#1234=ORIENTED_EDGE('',*,*,#937,.T.);
#1235=ORIENTED_EDGE('',*,*,#940,.F.);
#1236=ORIENTED_EDGE('',*,*,#941,.T.);
#1237=ORIENTED_EDGE('',*,*,#942,.T.);
#1238=ORIENTED_EDGE('',*,*,#900,.F.);
#1239=ORIENTED_EDGE('',*,*,#928,.F.);
#1240=ORIENTED_EDGE('',*,*,#943,.F.);
#1241=ORIENTED_EDGE('',*,*,#944,.T.);
#1242=ORIENTED_EDGE('',*,*,#940,.T.);
#1243=ORIENTED_EDGE('',*,*,#901,.F.);
#1244=ORIENTED_EDGE('',*,*,#936,.F.);
#1245=ORIENTED_EDGE('',*,*,#945,.T.);
#1246=ORIENTED_EDGE('',*,*,#946,.F.);
#1247=ORIENTED_EDGE('',*,*,#947,.F.);
#1248=ORIENTED_EDGE('',*,*,#948,.F.);
#1249=ORIENTED_EDGE('',*,*,#949,.T.);
#1250=ORIENTED_EDGE('',*,*,#950,.T.);
#1251=ORIENTED_EDGE('',*,*,#951,.F.);
#1252=ORIENTED_EDGE('',*,*,#942,.F.);
#1253=ORIENTED_EDGE('',*,*,#952,.F.);
#1254=ORIENTED_EDGE('',*,*,#953,.F.);
#1255=ORIENTED_EDGE('',*,*,#954,.T.);
#1256=ORIENTED_EDGE('',*,*,#955,.T.);
#1257=ORIENTED_EDGE('',*,*,#938,.F.);
#1258=ORIENTED_EDGE('',*,*,#919,.F.);
#1259=ORIENTED_EDGE('',*,*,#956,.T.);
#1260=ORIENTED_EDGE('',*,*,#957,.T.);
#1261=ORIENTED_EDGE('',*,*,#958,.F.);
#1262=ORIENTED_EDGE('',*,*,#959,.F.);
#1263=ORIENTED_EDGE('',*,*,#960,.T.);
#1264=ORIENTED_EDGE('',*,*,#961,.T.);
#1265=ORIENTED_EDGE('',*,*,#956,.F.);
#1266=ORIENTED_EDGE('',*,*,#962,.F.);
#1267=ORIENTED_EDGE('',*,*,#963,.T.);
#1268=ORIENTED_EDGE('',*,*,#964,.T.);
#1269=ORIENTED_EDGE('',*,*,#960,.F.);
#1270=ORIENTED_EDGE('',*,*,#965,.F.);
#1271=ORIENTED_EDGE('',*,*,#966,.T.);
#1272=ORIENTED_EDGE('',*,*,#959,.T.);
#1273=ORIENTED_EDGE('',*,*,#918,.F.);
#1274=ORIENTED_EDGE('',*,*,#921,.T.);
#1275=ORIENTED_EDGE('',*,*,#967,.T.);
#1276=ORIENTED_EDGE('',*,*,#968,.F.);
#1277=ORIENTED_EDGE('',*,*,#945,.F.);
#1278=ORIENTED_EDGE('',*,*,#922,.T.);
#1279=ORIENTED_EDGE('',*,*,#914,.F.);
#1280=ORIENTED_EDGE('',*,*,#931,.F.);
#1281=ORIENTED_EDGE('',*,*,#951,.T.);
#1282=ORIENTED_EDGE('',*,*,#969,.T.);
#1283=ORIENTED_EDGE('',*,*,#970,.F.);
#1284=ORIENTED_EDGE('',*,*,#932,.F.);
#1285=ORIENTED_EDGE('',*,*,#892,.F.);
#1286=ORIENTED_EDGE('',*,*,#916,.T.);
#1287=ORIENTED_EDGE('',*,*,#924,.F.);
#1288=ORIENTED_EDGE('',*,*,#905,.T.);
#1289=ORIENTED_EDGE('',*,*,#911,.F.);
#1290=ORIENTED_EDGE('',*,*,#971,.T.);
#1291=ORIENTED_EDGE('',*,*,#965,.T.);
#1292=ORIENTED_EDGE('',*,*,#917,.F.);
#1293=ORIENTED_EDGE('',*,*,#890,.T.);
#1294=ORIENTED_EDGE('',*,*,#896,.F.);
#1295=ORIENTED_EDGE('',*,*,#895,.F.);
#1296=ORIENTED_EDGE('',*,*,#939,.T.);
#1297=ORIENTED_EDGE('',*,*,#955,.F.);
#1298=ORIENTED_EDGE('',*,*,#972,.F.);
#1299=ORIENTED_EDGE('',*,*,#908,.T.);
#1300=ORIENTED_EDGE('',*,*,#973,.F.);
#1301=ORIENTED_EDGE('',*,*,#946,.T.);
#1302=ORIENTED_EDGE('',*,*,#968,.T.);
#1303=ORIENTED_EDGE('',*,*,#974,.T.);
#1304=ORIENTED_EDGE('',*,*,#962,.T.);
#1305=ORIENTED_EDGE('',*,*,#966,.F.);
#1306=ORIENTED_EDGE('',*,*,#971,.F.);
#1307=ORIENTED_EDGE('',*,*,#910,.F.);
#1308=ORIENTED_EDGE('',*,*,#975,.F.);
#1309=ORIENTED_EDGE('',*,*,#976,.T.);
#1310=ORIENTED_EDGE('',*,*,#972,.T.);
#1311=ORIENTED_EDGE('',*,*,#954,.F.);
#1312=ORIENTED_EDGE('',*,*,#977,.F.);
#1313=ORIENTED_EDGE('',*,*,#978,.T.);
#1314=ORIENTED_EDGE('',*,*,#909,.T.);
#1315=ORIENTED_EDGE('',*,*,#976,.F.);
#1316=ORIENTED_EDGE('',*,*,#979,.F.);
#1317=ORIENTED_EDGE('',*,*,#947,.T.);
#1318=ORIENTED_EDGE('',*,*,#973,.T.);
#1319=ORIENTED_EDGE('',*,*,#978,.F.);
#1320=ORIENTED_EDGE('',*,*,#980,.T.);
#1321=ORIENTED_EDGE('',*,*,#981,.T.);
#1322=ORIENTED_EDGE('',*,*,#957,.F.);
#1323=ORIENTED_EDGE('',*,*,#982,.F.);
#1324=ORIENTED_EDGE('',*,*,#983,.T.);
#1325=ORIENTED_EDGE('',*,*,#982,.T.);
#1326=ORIENTED_EDGE('',*,*,#961,.F.);
#1327=ORIENTED_EDGE('',*,*,#984,.F.);
#1328=ORIENTED_EDGE('',*,*,#985,.T.);
#1329=ORIENTED_EDGE('',*,*,#984,.T.);
#1330=ORIENTED_EDGE('',*,*,#964,.F.);
#1331=ORIENTED_EDGE('',*,*,#986,.F.);
#1332=ORIENTED_EDGE('',*,*,#934,.T.);
#1333=ORIENTED_EDGE('',*,*,#987,.T.);
#1334=ORIENTED_EDGE('',*,*,#980,.F.);
#1335=ORIENTED_EDGE('',*,*,#988,.F.);
#1336=ORIENTED_EDGE('',*,*,#989,.T.);
#1337=ORIENTED_EDGE('',*,*,#988,.T.);
#1338=ORIENTED_EDGE('',*,*,#983,.F.);
#1339=ORIENTED_EDGE('',*,*,#990,.F.);
#1340=ORIENTED_EDGE('',*,*,#991,.T.);
#1341=ORIENTED_EDGE('',*,*,#990,.T.);
#1342=ORIENTED_EDGE('',*,*,#985,.F.);
#1343=ORIENTED_EDGE('',*,*,#992,.F.);
#1344=ORIENTED_EDGE('',*,*,#970,.T.);
#1345=ORIENTED_EDGE('',*,*,#993,.T.);
#1346=ORIENTED_EDGE('',*,*,#992,.T.);
#1347=ORIENTED_EDGE('',*,*,#986,.T.);
#1348=ORIENTED_EDGE('',*,*,#963,.F.);
#1349=ORIENTED_EDGE('',*,*,#974,.F.);
#1350=ORIENTED_EDGE('',*,*,#967,.F.);
#1351=ORIENTED_EDGE('',*,*,#920,.T.);
#1352=ORIENTED_EDGE('',*,*,#958,.T.);
#1353=ORIENTED_EDGE('',*,*,#981,.F.);
#1354=ORIENTED_EDGE('',*,*,#987,.F.);
#1355=ORIENTED_EDGE('',*,*,#933,.F.);
#1356=ORIENTED_EDGE('',*,*,#926,.T.);
#1357=ORIENTED_EDGE('',*,*,#935,.T.);
#1358=ORIENTED_EDGE('',*,*,#989,.F.);
#1359=ORIENTED_EDGE('',*,*,#994,.F.);
#1360=ORIENTED_EDGE('',*,*,#995,.T.);
#1361=ORIENTED_EDGE('',*,*,#943,.T.);
#1362=ORIENTED_EDGE('',*,*,#927,.T.);
#1363=ORIENTED_EDGE('',*,*,#994,.T.);
#1364=ORIENTED_EDGE('',*,*,#991,.F.);
#1365=ORIENTED_EDGE('',*,*,#993,.F.);
#1366=ORIENTED_EDGE('',*,*,#969,.F.);
#1367=ORIENTED_EDGE('',*,*,#950,.F.);
#1368=ORIENTED_EDGE('',*,*,#996,.T.);
#1369=ORIENTED_EDGE('',*,*,#952,.T.);
#1370=ORIENTED_EDGE('',*,*,#941,.F.);
#1371=ORIENTED_EDGE('',*,*,#997,.F.);
#1372=ORIENTED_EDGE('',*,*,#998,.T.);
#1373=ORIENTED_EDGE('',*,*,#997,.T.);
#1374=ORIENTED_EDGE('',*,*,#944,.F.);
#1375=ORIENTED_EDGE('',*,*,#999,.F.);
#1376=ORIENTED_EDGE('',*,*,#1000,.T.);
#1377=ORIENTED_EDGE('',*,*,#999,.T.);
#1378=ORIENTED_EDGE('',*,*,#995,.F.);
#1379=ORIENTED_EDGE('',*,*,#949,.F.);
#1380=ORIENTED_EDGE('',*,*,#953,.T.);
#1381=ORIENTED_EDGE('',*,*,#996,.F.);
#1382=ORIENTED_EDGE('',*,*,#1001,.F.);
#1383=ORIENTED_EDGE('',*,*,#975,.T.);
#1384=ORIENTED_EDGE('',*,*,#1001,.T.);
#1385=ORIENTED_EDGE('',*,*,#998,.F.);
#1386=ORIENTED_EDGE('',*,*,#1002,.F.);
#1387=ORIENTED_EDGE('',*,*,#977,.T.);
#1388=ORIENTED_EDGE('',*,*,#1002,.T.);
#1389=ORIENTED_EDGE('',*,*,#1000,.F.);
#1390=ORIENTED_EDGE('',*,*,#948,.T.);
#1391=ORIENTED_EDGE('',*,*,#979,.T.);
#1392=ORIENTED_EDGE('',*,*,#1003,.T.);
#1393=ORIENTED_EDGE('',*,*,#1004,.T.);
#1394=ORIENTED_EDGE('',*,*,#1005,.T.);
#1395=ORIENTED_EDGE('',*,*,#1006,.T.);
#1396=ORIENTED_EDGE('',*,*,#1007,.T.);
#1397=ORIENTED_EDGE('',*,*,#1008,.T.);
#1398=ORIENTED_EDGE('',*,*,#1005,.F.);
#1399=ORIENTED_EDGE('',*,*,#1009,.T.);
#1400=ORIENTED_EDGE('',*,*,#1010,.T.);
#1401=ORIENTED_EDGE('',*,*,#1011,.T.);
#1402=ORIENTED_EDGE('',*,*,#1007,.F.);
#1403=ORIENTED_EDGE('',*,*,#1012,.T.);
#1404=ORIENTED_EDGE('',*,*,#1013,.T.);
#1405=ORIENTED_EDGE('',*,*,#1014,.T.);
#1406=ORIENTED_EDGE('',*,*,#1010,.F.);
#1407=ORIENTED_EDGE('',*,*,#1015,.T.);
#1408=ORIENTED_EDGE('',*,*,#1016,.T.);
#1409=ORIENTED_EDGE('',*,*,#1017,.T.);
#1410=ORIENTED_EDGE('',*,*,#1013,.F.);
#1411=ORIENTED_EDGE('',*,*,#1018,.T.);
#1412=ORIENTED_EDGE('',*,*,#1019,.T.);
#1413=ORIENTED_EDGE('',*,*,#1020,.T.);
#1414=ORIENTED_EDGE('',*,*,#1016,.F.);
#1415=ORIENTED_EDGE('',*,*,#1021,.T.);
#1416=ORIENTED_EDGE('',*,*,#1022,.T.);
#1417=ORIENTED_EDGE('',*,*,#1023,.T.);
#1418=ORIENTED_EDGE('',*,*,#1019,.F.);
#1419=ORIENTED_EDGE('',*,*,#1024,.T.);
#1420=ORIENTED_EDGE('',*,*,#1025,.T.);
#1421=ORIENTED_EDGE('',*,*,#1026,.T.);
#1422=ORIENTED_EDGE('',*,*,#1022,.F.);
#1423=ORIENTED_EDGE('',*,*,#1027,.T.);
#1424=ORIENTED_EDGE('',*,*,#1028,.T.);
#1425=ORIENTED_EDGE('',*,*,#1029,.T.);
#1426=ORIENTED_EDGE('',*,*,#1025,.F.);
#1427=ORIENTED_EDGE('',*,*,#1030,.T.);
#1428=ORIENTED_EDGE('',*,*,#1031,.T.);
#1429=ORIENTED_EDGE('',*,*,#1032,.T.);
#1430=ORIENTED_EDGE('',*,*,#1028,.F.);
#1431=ORIENTED_EDGE('',*,*,#1033,.T.);
#1432=ORIENTED_EDGE('',*,*,#1034,.T.);
#1433=ORIENTED_EDGE('',*,*,#1035,.T.);
#1434=ORIENTED_EDGE('',*,*,#1031,.F.);
#1435=ORIENTED_EDGE('',*,*,#1036,.T.);
#1436=ORIENTED_EDGE('',*,*,#1003,.F.);
#1437=ORIENTED_EDGE('',*,*,#1037,.T.);
#1438=ORIENTED_EDGE('',*,*,#1034,.F.);
#1439=ORIENTED_EDGE('',*,*,#1038,.T.);
#1440=ORIENTED_EDGE('',*,*,#1021,.F.);
#1441=ORIENTED_EDGE('',*,*,#1039,.T.);
#1442=ORIENTED_EDGE('',*,*,#1040,.F.);
#1443=ORIENTED_EDGE('',*,*,#1041,.F.);
#1444=ORIENTED_EDGE('',*,*,#1018,.F.);
#1445=ORIENTED_EDGE('',*,*,#1042,.F.);
#1446=ORIENTED_EDGE('',*,*,#1043,.F.);
#1447=ORIENTED_EDGE('',*,*,#1039,.F.);
#1448=ORIENTED_EDGE('',*,*,#1015,.F.);
#1449=ORIENTED_EDGE('',*,*,#1012,.F.);
#1450=ORIENTED_EDGE('',*,*,#1009,.F.);
#1451=ORIENTED_EDGE('',*,*,#1044,.T.);
#1452=ORIENTED_EDGE('',*,*,#1045,.F.);
#1453=ORIENTED_EDGE('',*,*,#1046,.F.);
#1454=ORIENTED_EDGE('',*,*,#1047,.T.);
#1455=ORIENTED_EDGE('',*,*,#1042,.T.);
#1456=ORIENTED_EDGE('',*,*,#1004,.F.);
#1457=ORIENTED_EDGE('',*,*,#1048,.F.);
#1458=ORIENTED_EDGE('',*,*,#1049,.F.);
#1459=ORIENTED_EDGE('',*,*,#1044,.F.);
#1460=ORIENTED_EDGE('',*,*,#1032,.F.);
#1461=ORIENTED_EDGE('',*,*,#1035,.F.);
#1462=ORIENTED_EDGE('',*,*,#1037,.F.);
#1463=ORIENTED_EDGE('',*,*,#1006,.F.);
#1464=ORIENTED_EDGE('',*,*,#1008,.F.);
#1465=ORIENTED_EDGE('',*,*,#1050,.F.);
#1466=ORIENTED_EDGE('',*,*,#1029,.F.);
#1467=ORIENTED_EDGE('',*,*,#1050,.T.);
#1468=ORIENTED_EDGE('',*,*,#1011,.F.);
#1469=ORIENTED_EDGE('',*,*,#1051,.F.);
#1470=ORIENTED_EDGE('',*,*,#1036,.F.);
#1471=ORIENTED_EDGE('',*,*,#1052,.T.);
#1472=ORIENTED_EDGE('',*,*,#1053,.T.);
#1473=ORIENTED_EDGE('',*,*,#1054,.T.);
#1474=ORIENTED_EDGE('',*,*,#1038,.F.);
#1475=ORIENTED_EDGE('',*,*,#1054,.F.);
#1476=ORIENTED_EDGE('',*,*,#1055,.F.);
#1477=ORIENTED_EDGE('',*,*,#1048,.T.);
#1478=ORIENTED_EDGE('',*,*,#1024,.F.);
#1479=ORIENTED_EDGE('',*,*,#1041,.T.);
#1480=ORIENTED_EDGE('',*,*,#1056,.T.);
#1481=ORIENTED_EDGE('',*,*,#1057,.T.);
#1482=ORIENTED_EDGE('',*,*,#1056,.F.);
#1483=ORIENTED_EDGE('',*,*,#1040,.T.);
#1484=ORIENTED_EDGE('',*,*,#1043,.T.);
#1485=ORIENTED_EDGE('',*,*,#1047,.F.);
#1486=ORIENTED_EDGE('',*,*,#1058,.T.);
#1487=ORIENTED_EDGE('',*,*,#1059,.T.);
#1488=ORIENTED_EDGE('',*,*,#1053,.F.);
#1489=ORIENTED_EDGE('',*,*,#1060,.F.);
#1490=ORIENTED_EDGE('',*,*,#1061,.F.);
#1491=ORIENTED_EDGE('',*,*,#1045,.T.);
#1492=ORIENTED_EDGE('',*,*,#1049,.T.);
#1493=ORIENTED_EDGE('',*,*,#1055,.T.);
#1494=ORIENTED_EDGE('',*,*,#1058,.F.);
#1495=ORIENTED_EDGE('',*,*,#1046,.T.);
#1496=ORIENTED_EDGE('',*,*,#1061,.T.);
#1497=ORIENTED_EDGE('',*,*,#1062,.F.);
#1498=ORIENTED_EDGE('',*,*,#1027,.F.);
#1499=ORIENTED_EDGE('',*,*,#1057,.F.);
#1500=ORIENTED_EDGE('',*,*,#1059,.F.);
#1501=ORIENTED_EDGE('',*,*,#1062,.T.);
#1502=ORIENTED_EDGE('',*,*,#1060,.T.);
#1503=ORIENTED_EDGE('',*,*,#1052,.F.);
#1504=ORIENTED_EDGE('',*,*,#1033,.F.);
#1505=ORIENTED_EDGE('',*,*,#1030,.F.);
#1506=ORIENTED_EDGE('',*,*,#1026,.F.);
#1507=ORIENTED_EDGE('',*,*,#1051,.T.);
#1508=ORIENTED_EDGE('',*,*,#1014,.F.);
#1509=ORIENTED_EDGE('',*,*,#1017,.F.);
#1510=ORIENTED_EDGE('',*,*,#1020,.F.);
#1511=ORIENTED_EDGE('',*,*,#1023,.F.);
#1512=ORIENTED_EDGE('',*,*,#1063,.F.);
#1513=ORIENTED_EDGE('',*,*,#1064,.T.);
#1514=ORIENTED_EDGE('',*,*,#1065,.T.);
#1515=ORIENTED_EDGE('',*,*,#1063,.T.);
#1516=ORIENTED_EDGE('',*,*,#1065,.F.);
#1517=ORIENTED_EDGE('',*,*,#1066,.T.);
#1518=ORIENTED_EDGE('',*,*,#1067,.T.);
#1519=ORIENTED_EDGE('',*,*,#1068,.T.);
#1520=ORIENTED_EDGE('',*,*,#1066,.F.);
#1521=ORIENTED_EDGE('',*,*,#1064,.F.);
#1522=ORIENTED_EDGE('',*,*,#1068,.F.);
#1523=ORIENTED_EDGE('',*,*,#1069,.T.);
#1524=ORIENTED_EDGE('',*,*,#1070,.T.);
#1525=ORIENTED_EDGE('',*,*,#1071,.T.);
#1526=ORIENTED_EDGE('',*,*,#1069,.F.);
#1527=ORIENTED_EDGE('',*,*,#1067,.F.);
#1528=ORIENTED_EDGE('',*,*,#1070,.F.);
#1529=ORIENTED_EDGE('',*,*,#1071,.F.);
#1530=ORIENTED_EDGE('',*,*,#1072,.T.);
#1531=ORIENTED_EDGE('',*,*,#1073,.T.);
#1532=ORIENTED_EDGE('',*,*,#1074,.T.);
#1533=ORIENTED_EDGE('',*,*,#1072,.F.);
#1534=ORIENTED_EDGE('',*,*,#1074,.F.);
#1535=ORIENTED_EDGE('',*,*,#1075,.T.);
#1536=ORIENTED_EDGE('',*,*,#1076,.T.);
#1537=ORIENTED_EDGE('',*,*,#1077,.T.);
#1538=ORIENTED_EDGE('',*,*,#1075,.F.);
#1539=ORIENTED_EDGE('',*,*,#1073,.F.);
#1540=ORIENTED_EDGE('',*,*,#1076,.F.);
#1541=ORIENTED_EDGE('',*,*,#1077,.F.);
#1542=ORIENTED_EDGE('',*,*,#1078,.T.);
#1543=ORIENTED_EDGE('',*,*,#1079,.T.);
#1544=ORIENTED_EDGE('',*,*,#1080,.T.);
#1545=ORIENTED_EDGE('',*,*,#1078,.F.);
#1546=ORIENTED_EDGE('',*,*,#1080,.F.);
#1547=ORIENTED_EDGE('',*,*,#1081,.T.);
#1548=ORIENTED_EDGE('',*,*,#1082,.F.);
#1549=ORIENTED_EDGE('',*,*,#1081,.F.);
#1550=ORIENTED_EDGE('',*,*,#1079,.F.);
#1551=ORIENTED_EDGE('',*,*,#1082,.T.);
#1552=ORIENTED_EDGE('',*,*,#1083,.F.);
#1553=ORIENTED_EDGE('',*,*,#1084,.F.);
#1554=ORIENTED_EDGE('',*,*,#1085,.F.);
#1555=ORIENTED_EDGE('',*,*,#1086,.F.);
#1556=ORIENTED_EDGE('',*,*,#1087,.F.);
#1557=ORIENTED_EDGE('',*,*,#1088,.F.);
#1558=ORIENTED_EDGE('',*,*,#1086,.T.);
#1559=ORIENTED_EDGE('',*,*,#1088,.T.);
#1560=ORIENTED_EDGE('',*,*,#1089,.T.);
#1561=ORIENTED_EDGE('',*,*,#1085,.T.);
#1562=ORIENTED_EDGE('',*,*,#1084,.T.);
#1563=ORIENTED_EDGE('',*,*,#1083,.T.);
#1564=ORIENTED_EDGE('',*,*,#1089,.F.);
#1565=ORIENTED_EDGE('',*,*,#1087,.T.);
#1566=ORIENTED_EDGE('',*,*,#1090,.T.);
#1567=ORIENTED_EDGE('',*,*,#1091,.T.);
#1568=ORIENTED_EDGE('',*,*,#1092,.F.);
#1569=ORIENTED_EDGE('',*,*,#1093,.F.);
#1570=ORIENTED_EDGE('',*,*,#1094,.F.);
#1571=ORIENTED_EDGE('',*,*,#1095,.F.);
#1572=ORIENTED_EDGE('',*,*,#1096,.F.);
#1573=ORIENTED_EDGE('',*,*,#1097,.F.);
#1574=ORIENTED_EDGE('',*,*,#1098,.T.);
#1575=ORIENTED_EDGE('',*,*,#1095,.T.);
#1576=ORIENTED_EDGE('',*,*,#1094,.T.);
#1577=ORIENTED_EDGE('',*,*,#1098,.F.);
#1578=ORIENTED_EDGE('',*,*,#1090,.F.);
#1579=ORIENTED_EDGE('',*,*,#1091,.F.);
#1580=ORIENTED_EDGE('',*,*,#1099,.T.);
#1581=ORIENTED_EDGE('',*,*,#1097,.T.);
#1582=ORIENTED_EDGE('',*,*,#1096,.T.);
#1583=ORIENTED_EDGE('',*,*,#1099,.F.);
#1584=ORIENTED_EDGE('',*,*,#1100,.F.);
#1585=ORIENTED_EDGE('',*,*,#1101,.F.);
#1586=ORIENTED_EDGE('',*,*,#1102,.T.);
#1587=ORIENTED_EDGE('',*,*,#1093,.T.);
#1588=ORIENTED_EDGE('',*,*,#1092,.T.);
#1589=ORIENTED_EDGE('',*,*,#1102,.F.);
#1590=ORIENTED_EDGE('',*,*,#1103,.T.);
#1591=ORIENTED_EDGE('',*,*,#1101,.T.);
#1592=ORIENTED_EDGE('',*,*,#1100,.T.);
#1593=ORIENTED_EDGE('',*,*,#1103,.F.);
#1594=ORIENTED_EDGE('',*,*,#1104,.T.);
#1595=ORIENTED_EDGE('',*,*,#1105,.T.);
#1596=ORIENTED_EDGE('',*,*,#1106,.F.);
#1597=ORIENTED_EDGE('',*,*,#1107,.F.);
#1598=ORIENTED_EDGE('',*,*,#1108,.F.);
#1599=ORIENTED_EDGE('',*,*,#1109,.F.);
#1600=ORIENTED_EDGE('',*,*,#1110,.F.);
#1601=ORIENTED_EDGE('',*,*,#1111,.F.);
#1602=ORIENTED_EDGE('',*,*,#1112,.T.);
#1603=ORIENTED_EDGE('',*,*,#1109,.T.);
#1604=ORIENTED_EDGE('',*,*,#1108,.T.);
#1605=ORIENTED_EDGE('',*,*,#1112,.F.);
#1606=ORIENTED_EDGE('',*,*,#1104,.F.);
#1607=ORIENTED_EDGE('',*,*,#1105,.F.);
#1608=ORIENTED_EDGE('',*,*,#1113,.T.);
#1609=ORIENTED_EDGE('',*,*,#1111,.T.);
#1610=ORIENTED_EDGE('',*,*,#1110,.T.);
#1611=ORIENTED_EDGE('',*,*,#1113,.F.);
#1612=ORIENTED_EDGE('',*,*,#1114,.F.);
#1613=ORIENTED_EDGE('',*,*,#1115,.F.);
#1614=ORIENTED_EDGE('',*,*,#1116,.T.);
#1615=ORIENTED_EDGE('',*,*,#1107,.T.);
#1616=ORIENTED_EDGE('',*,*,#1106,.T.);
#1617=ORIENTED_EDGE('',*,*,#1116,.F.);
#1618=ORIENTED_EDGE('',*,*,#1117,.T.);
#1619=ORIENTED_EDGE('',*,*,#1115,.T.);
#1620=ORIENTED_EDGE('',*,*,#1114,.T.);
#1621=ORIENTED_EDGE('',*,*,#1117,.F.);
#1622=CYLINDRICAL_SURFACE('',#1930,15.);
#1623=CYLINDRICAL_SURFACE('',#1936,15.);
#1624=CYLINDRICAL_SURFACE('',#1944,15.);
#1625=CYLINDRICAL_SURFACE('',#1950,15.);
#1626=CYLINDRICAL_SURFACE('',#1957,15.);
#1627=CYLINDRICAL_SURFACE('',#1962,15.);
#1628=CYLINDRICAL_SURFACE('',#1963,15.);
#1629=CYLINDRICAL_SURFACE('',#1968,15.);
#1630=CYLINDRICAL_SURFACE('',#1991,15.);
#1631=CYLINDRICAL_SURFACE('',#1998,50.);
#1632=CYLINDRICAL_SURFACE('',#2005,63.);
#1633=CYLINDRICAL_SURFACE('',#2007,15.);
#1634=CYLINDRICAL_SURFACE('',#2009,97.);
#1635=CYLINDRICAL_SURFACE('',#2016,50.);
#1636=CYLINDRICAL_SURFACE('',#2021,63.);
#1637=CYLINDRICAL_SURFACE('',#2023,15.);
#1638=CYLINDRICAL_SURFACE('',#2026,50.);
#1639=CYLINDRICAL_SURFACE('',#2032,63.);
#1640=CYLINDRICAL_SURFACE('',#2035,15.);
#1641=CYLINDRICAL_SURFACE('',#2037,50.);
#1642=CYLINDRICAL_SURFACE('',#2042,63.);
#1643=CYLINDRICAL_SURFACE('',#2044,15.);
#1644=CYLINDRICAL_SURFACE('',#2051,40.);
#1645=CYLINDRICAL_SURFACE('',#2057,40.);
#1646=CYLINDRICAL_SURFACE('',#2062,40.);
#1647=CYLINDRICAL_SURFACE('',#2067,40.);
#1648=CYLINDRICAL_SURFACE('',#2073,40.);
#1649=CYLINDRICAL_SURFACE('',#2078,40.);
#1650=CYLINDRICAL_SURFACE('',#2080,63.);
#1651=CYLINDRICAL_SURFACE('',#2084,63.);
#1652=CYLINDRICAL_SURFACE('',#2087,47.);
#1653=CYLINDRICAL_SURFACE('',#2088,63.);
#1654=CYLINDRICAL_SURFACE('',#2091,63.);
#1655=CYLINDRICAL_SURFACE('',#2095,97.);
#1656=CYLINDRICAL_SURFACE('',#2102,15.);
#1657=CYLINDRICAL_SURFACE('',#2109,15.);
#1658=CYLINDRICAL_SURFACE('',#2116,15.);
#1659=CYLINDRICAL_SURFACE('',#2123,15.);
#1660=CYLINDRICAL_SURFACE('',#2127,15.);
#1661=CYLINDRICAL_SURFACE('',#2131,15.);
#1662=CYLINDRICAL_SURFACE('',#2135,15.);
#1663=CYLINDRICAL_SURFACE('',#2148,5.);
#1664=CYLINDRICAL_SURFACE('',#2149,0.5);
#1665=CYLINDRICAL_SURFACE('',#2166,9.);
#1666=CYLINDRICAL_SURFACE('',#2167,0.5);
#1667=ADVANCED_FACE('',(#163),#1622,.T.);
#1668=ADVANCED_FACE('',(#164),#147,.T.);
#1669=ADVANCED_FACE('',(#165),#1623,.T.);
#1670=ADVANCED_FACE('',(#166),#148,.T.);
#1671=ADVANCED_FACE('',(#167),#114,.F.);
#1672=ADVANCED_FACE('',(#168),#1624,.T.);
#1673=ADVANCED_FACE('',(#169),#149,.T.);
#1674=ADVANCED_FACE('',(#170),#1625,.T.);
#1675=ADVANCED_FACE('',(#171),#150,.T.);
#1676=ADVANCED_FACE('',(#172),#1626,.T.);
#1677=ADVANCED_FACE('',(#173),#115,.T.);
#1678=ADVANCED_FACE('',(#174),#116,.T.);
#1679=ADVANCED_FACE('',(#175),#1627,.T.);
#1680=ADVANCED_FACE('',(#176),#1628,.T.);
#1681=ADVANCED_FACE('',(#177),#1629,.T.);
#1682=ADVANCED_FACE('',(#178),#117,.T.);
#1683=ADVANCED_FACE('',(#179),#118,.F.);
#1684=ADVANCED_FACE('',(#180),#119,.F.);
#1685=ADVANCED_FACE('',(#181),#151,.T.);
#1686=ADVANCED_FACE('',(#182),#120,.T.);
#1687=ADVANCED_FACE('',(#183),#121,.T.);
#1688=ADVANCED_FACE('',(#184),#122,.T.);
#1689=ADVANCED_FACE('',(#185),#123,.T.);
#1690=ADVANCED_FACE('',(#186),#124,.T.);
#1691=ADVANCED_FACE('',(#187),#1630,.T.);
#1692=ADVANCED_FACE('',(#188,#62),#125,.T.);
#1693=ADVANCED_FACE('',(#189),#1631,.F.);
#1694=ADVANCED_FACE('',(#190),#152,.T.);
#1695=ADVANCED_FACE('',(#191),#1632,.F.);
#1696=ADVANCED_FACE('',(#192),#1633,.T.);
#1697=ADVANCED_FACE('',(#193),#1634,.F.);
#1698=ADVANCED_FACE('',(#194),#153,.T.);
#1699=ADVANCED_FACE('',(#195),#126,.F.);
#1700=ADVANCED_FACE('',(#196),#127,.F.);
#1701=ADVANCED_FACE('',(#197),#1635,.F.);
#1702=ADVANCED_FACE('',(#198),#154,.T.);
#1703=ADVANCED_FACE('',(#199),#1636,.F.);
#1704=ADVANCED_FACE('',(#200),#128,.T.);
#1705=ADVANCED_FACE('',(#201),#1637,.T.);
#1706=ADVANCED_FACE('',(#202),#129,.T.);
#1707=ADVANCED_FACE('',(#203),#1638,.F.);
#1708=ADVANCED_FACE('',(#204),#155,.T.);
#1709=ADVANCED_FACE('',(#205),#1639,.F.);
#1710=ADVANCED_FACE('',(#206),#130,.T.);
#1711=ADVANCED_FACE('',(#207),#1640,.T.);
#1712=ADVANCED_FACE('',(#208),#131,.T.);
#1713=ADVANCED_FACE('',(#209),#1641,.F.);
#1714=ADVANCED_FACE('',(#210),#156,.T.);
#1715=ADVANCED_FACE('',(#211),#1642,.F.);
#1716=ADVANCED_FACE('',(#212),#132,.T.);
#1717=ADVANCED_FACE('',(#213),#1643,.T.);
#1718=ADVANCED_FACE('',(#214),#133,.T.);
#1719=ADVANCED_FACE('',(#215),#57,.F.);
#1720=ADVANCED_FACE('',(#216),#1644,.T.);
#1721=ADVANCED_FACE('',(#217),#157,.T.);
#1722=ADVANCED_FACE('',(#218),#1645,.T.);
#1723=ADVANCED_FACE('',(#219),#58,.F.);
#1724=ADVANCED_FACE('',(#220),#1646,.T.);
#1725=ADVANCED_FACE('',(#221),#59,.F.);
#1726=ADVANCED_FACE('',(#222),#1647,.T.);
#1727=ADVANCED_FACE('',(#223),#158,.T.);
#1728=ADVANCED_FACE('',(#224),#1648,.T.);
#1729=ADVANCED_FACE('',(#225),#60,.F.);
#1730=ADVANCED_FACE('',(#226),#1649,.T.);
#1731=ADVANCED_FACE('',(#227),#134,.T.);
#1732=ADVANCED_FACE('',(#228),#1650,.T.);
#1733=ADVANCED_FACE('',(#229),#135,.F.);
#1734=ADVANCED_FACE('',(#230),#1651,.T.);
#1735=ADVANCED_FACE('',(#231),#136,.T.);
#1736=ADVANCED_FACE('',(#232),#1652,.F.);
#1737=ADVANCED_FACE('',(#233),#1653,.T.);
#1738=ADVANCED_FACE('',(#234),#137,.T.);
#1739=ADVANCED_FACE('',(#235),#1654,.T.);
#1740=ADVANCED_FACE('',(#236),#138,.T.);
#1741=ADVANCED_FACE('',(#237),#139,.T.);
#1742=ADVANCED_FACE('',(#238),#1655,.T.);
#1743=ADVANCED_FACE('',(#239),#140,.T.);
#1744=ADVANCED_FACE('',(#240),#141,.T.);
#1745=ADVANCED_FACE('',(#241),#1656,.F.);
#1746=ADVANCED_FACE('',(#242),#159,.T.);
#1747=ADVANCED_FACE('',(#243),#1657,.T.);
#1748=ADVANCED_FACE('',(#244),#160,.T.);
#1749=ADVANCED_FACE('',(#245),#1658,.T.);
#1750=ADVANCED_FACE('',(#246),#161,.T.);
#1751=ADVANCED_FACE('',(#247),#1659,.T.);
#1752=ADVANCED_FACE('',(#248),#142,.T.);
#1753=ADVANCED_FACE('',(#249),#1660,.F.);
#1754=ADVANCED_FACE('',(#250),#1661,.F.);
#1755=ADVANCED_FACE('',(#251),#1662,.T.);
#1756=ADVANCED_FACE('',(#252,#63),#143,.T.);
#1757=ADVANCED_FACE('',(#253),#144,.T.);
#1758=ADVANCED_FACE('',(#254),#61,.F.);
#1759=ADVANCED_FACE('',(#255),#1663,.T.);
#1760=ADVANCED_FACE('',(#256),#1664,.T.);
#1761=ADVANCED_FACE('',(#257),#11,.T.);
#1762=ADVANCED_FACE('',(#258,#64),#145,.T.);
#1763=ADVANCED_FACE('',(#259),#146,.T.);
#1764=ADVANCED_FACE('',(#260),#162,.T.);
#1765=ADVANCED_FACE('',(#261),#1665,.T.);
#1766=ADVANCED_FACE('',(#262),#1666,.T.);
#1767=ADVANCED_FACE('',(#263),#12,.T.);
#1768=CLOSED_SHELL('',(#1667,#1668,#1669,#1670,#1671,#1672,#1673,#1674,
#1675,#1676,#1677));
#1769=CLOSED_SHELL('',(#1678,#1679,#1680,#1681,#1682,#1683,#1684,#1685,
#1686,#1687,#1688,#1689,#1690,#1691,#1692,#1693,#1694,#1695,#1696,#1697,
#1698,#1699,#1700,#1701,#1702,#1703,#1704,#1705,#1706,#1707,#1708,#1709,
#1710,#1711,#1712,#1713,#1714,#1715,#1716,#1717,#1718));
#1770=CLOSED_SHELL('',(#1719,#1720,#1721,#1722,#1723,#1724,#1725,#1726,
#1727,#1728,#1729,#1730,#1731,#1732,#1733,#1734,#1735,#1736,#1737,#1738,
#1739,#1740,#1741,#1742,#1743,#1744));
#1771=CLOSED_SHELL('',(#1745,#1746,#1747,#1748,#1749,#1750,#1751,#1752));
#1772=CLOSED_SHELL('',(#1753,#1754,#1755));
#1773=CLOSED_SHELL('',(#1756,#1757,#1758,#1759,#1760,#1761));
#1774=CLOSED_SHELL('',(#1762,#1763,#1764,#1765,#1766,#1767));
#1775=DERIVED_UNIT_ELEMENT(#1789,1.);
#1776=DERIVED_UNIT_ELEMENT(#3548,3.);
#1777=DERIVED_UNIT_ELEMENT(#1789,1.);
#1778=DERIVED_UNIT_ELEMENT(#3548,3.);
#1779=DERIVED_UNIT_ELEMENT(#1789,1.);
#1780=DERIVED_UNIT_ELEMENT(#3548,3.);
#1781=DERIVED_UNIT_ELEMENT(#1789,1.);
#1782=DERIVED_UNIT_ELEMENT(#3548,3.);
#1783=DERIVED_UNIT_ELEMENT(#1789,1.);
#1784=DERIVED_UNIT_ELEMENT(#3548,3.);
#1785=DERIVED_UNIT_ELEMENT(#1789,1.);
#1786=DERIVED_UNIT_ELEMENT(#3548,3.);
#1787=DERIVED_UNIT_ELEMENT(#1789,1.);
#1788=DERIVED_UNIT_ELEMENT(#3548,3.);
#1789=(
MASS_UNIT()
NAMED_UNIT(*)
SI_UNIT($,.GRAM.)
);
#1790=DERIVED_UNIT((#1775,#1776));
#1791=DERIVED_UNIT((#1777,#1778));
#1792=DERIVED_UNIT((#1779,#1780));
#1793=DERIVED_UNIT((#1781,#1782));
#1794=DERIVED_UNIT((#1783,#1784));
#1795=DERIVED_UNIT((#1785,#1786));
#1796=DERIVED_UNIT((#1787,#1788));
#1797=MEASURE_REPRESENTATION_ITEM('density measure',
POSITIVE_RATIO_MEASURE(1.),#1790);
#1798=MEASURE_REPRESENTATION_ITEM('density measure',
POSITIVE_RATIO_MEASURE(1.),#1791);
#1799=MEASURE_REPRESENTATION_ITEM('density measure',
POSITIVE_RATIO_MEASURE(1.),#1792);
#1800=MEASURE_REPRESENTATION_ITEM('density measure',
POSITIVE_RATIO_MEASURE(1.),#1793);
#1801=MEASURE_REPRESENTATION_ITEM('density measure',
POSITIVE_RATIO_MEASURE(1.),#1794);
#1802=MEASURE_REPRESENTATION_ITEM('density measure',
POSITIVE_RATIO_MEASURE(1.),#1795);
#1803=MEASURE_REPRESENTATION_ITEM('density measure',
POSITIVE_RATIO_MEASURE(1.),#1796);
#1804=PROPERTY_DEFINITION_REPRESENTATION(#1839,#1818);
#1805=PROPERTY_DEFINITION_REPRESENTATION(#1840,#1819);
#1806=PROPERTY_DEFINITION_REPRESENTATION(#1841,#1820);
#1807=PROPERTY_DEFINITION_REPRESENTATION(#1842,#1821);
#1808=PROPERTY_DEFINITION_REPRESENTATION(#1843,#1822);
#1809=PROPERTY_DEFINITION_REPRESENTATION(#1844,#1823);
#1810=PROPERTY_DEFINITION_REPRESENTATION(#1845,#1824);
#1811=PROPERTY_DEFINITION_REPRESENTATION(#1846,#1825);
#1812=PROPERTY_DEFINITION_REPRESENTATION(#1847,#1826);
#1813=PROPERTY_DEFINITION_REPRESENTATION(#1848,#1827);
#1814=PROPERTY_DEFINITION_REPRESENTATION(#1849,#1828);
#1815=PROPERTY_DEFINITION_REPRESENTATION(#1850,#1829);
#1816=PROPERTY_DEFINITION_REPRESENTATION(#1851,#1830);
#1817=PROPERTY_DEFINITION_REPRESENTATION(#1852,#1831);
#1818=REPRESENTATION('material name',(#1832),#3538);
#1819=REPRESENTATION('density',(#1797),#3538);
#1820=REPRESENTATION('material name',(#1833),#3540);
#1821=REPRESENTATION('density',(#1798),#3540);
#1822=REPRESENTATION('material name',(#1834),#3541);
#1823=REPRESENTATION('density',(#1799),#3541);
#1824=REPRESENTATION('material name',(#1835),#3542);
#1825=REPRESENTATION('density',(#1800),#3542);
#1826=REPRESENTATION('material name',(#1836),#3543);
#1827=REPRESENTATION('density',(#1801),#3543);
#1828=REPRESENTATION('material name',(#1837),#3544);
#1829=REPRESENTATION('density',(#1802),#3544);
#1830=REPRESENTATION('material name',(#1838),#3545);
#1831=REPRESENTATION('density',(#1803),#3545);
#1832=DESCRIPTIVE_REPRESENTATION_ITEM('Gen\X\E9rico','Gen\X\E9rico');
#1833=DESCRIPTIVE_REPRESENTATION_ITEM('Gen\X\E9rico','Gen\X\E9rico');
#1834=DESCRIPTIVE_REPRESENTATION_ITEM('Gen\X\E9rico','Gen\X\E9rico');
#1835=DESCRIPTIVE_REPRESENTATION_ITEM('Gen\X\E9rico','Gen\X\E9rico');
#1836=DESCRIPTIVE_REPRESENTATION_ITEM('Gen\X\E9rico','Gen\X\E9rico');
#1837=DESCRIPTIVE_REPRESENTATION_ITEM('Gen\X\E9rico','Gen\X\E9rico');
#1838=DESCRIPTIVE_REPRESENTATION_ITEM('Gen\X\E9rico','Gen\X\E9rico');
#1839=PROPERTY_DEFINITION('material property','material name',#3591);
#1840=PROPERTY_DEFINITION('material property','density of part',#3591);
#1841=PROPERTY_DEFINITION('material property','material name',#3593);
#1842=PROPERTY_DEFINITION('material property','density of part',#3593);
#1843=PROPERTY_DEFINITION('material property','material name',#3594);
#1844=PROPERTY_DEFINITION('material property','density of part',#3594);
#1845=PROPERTY_DEFINITION('material property','material name',#3595);
#1846=PROPERTY_DEFINITION('material property','density of part',#3595);
#1847=PROPERTY_DEFINITION('material property','material name',#3596);
#1848=PROPERTY_DEFINITION('material property','density of part',#3596);
#1849=PROPERTY_DEFINITION('material property','material name',#3597);
#1850=PROPERTY_DEFINITION('material property','density of part',#3597);
#1851=PROPERTY_DEFINITION('material property','material name',#3598);
#1852=PROPERTY_DEFINITION('material property','density of part',#3598);
#1853=PRESENTATION_STYLE_ASSIGNMENT((#1856));
#1854=PRESENTATION_STYLE_ASSIGNMENT((#1857));
#1855=PRESENTATION_STYLE_ASSIGNMENT((#1858));
#1856=SURFACE_STYLE_USAGE(.BOTH.,#1859);
#1857=SURFACE_STYLE_USAGE(.BOTH.,#1860);
#1858=SURFACE_STYLE_USAGE(.BOTH.,#1861);
#1859=SURFACE_SIDE_STYLE('',(#1862));
#1860=SURFACE_SIDE_STYLE('',(#1863));
#1861=SURFACE_SIDE_STYLE('',(#1864));
#1862=SURFACE_STYLE_FILL_AREA(#1865);
#1863=SURFACE_STYLE_FILL_AREA(#1866);
#1864=SURFACE_STYLE_FILL_AREA(#1867);
#1865=FILL_AREA_STYLE('',(#1868));
#1866=FILL_AREA_STYLE('',(#1869));
#1867=FILL_AREA_STYLE('',(#1870));
#1868=FILL_AREA_STYLE_COLOUR('',#1871);
#1869=FILL_AREA_STYLE_COLOUR('',#1872);
#1870=FILL_AREA_STYLE_COLOUR('',#1873);
#1871=COLOUR_RGB('',0.352941176470588,0.384313725490196,0.4);
#1872=COLOUR_RGB('',0.313725490196078,0.313725490196078,0.313725490196078);
#1873=COLOUR_RGB('',0.858823529411765,0.823529411764706,0.705882352941177);
#1874=DATE_TIME_ROLE('creation_date');
#1875=DATE_TIME_ROLE('creation_date');
#1876=DATE_TIME_ROLE('creation_date');
#1877=DATE_TIME_ROLE('creation_date');
#1878=DATE_TIME_ROLE('creation_date');
#1879=DATE_TIME_ROLE('creation_date');
#1880=DATE_TIME_ROLE('creation_date');
#1881=DATE_TIME_ROLE('creation_date');
#1882=DATE_TIME_ROLE('creation_date');
#1883=APPLIED_DATE_AND_TIME_ASSIGNMENT(#1892,#1874,(#3590));
#1884=APPLIED_DATE_AND_TIME_ASSIGNMENT(#1893,#1875,(#3591));
#1885=APPLIED_DATE_AND_TIME_ASSIGNMENT(#1894,#1876,(#3592));
#1886=APPLIED_DATE_AND_TIME_ASSIGNMENT(#1895,#1877,(#3593));
#1887=APPLIED_DATE_AND_TIME_ASSIGNMENT(#1896,#1878,(#3594));
#1888=APPLIED_DATE_AND_TIME_ASSIGNMENT(#1897,#1879,(#3595));
#1889=APPLIED_DATE_AND_TIME_ASSIGNMENT(#1898,#1880,(#3596));
#1890=APPLIED_DATE_AND_TIME_ASSIGNMENT(#1899,#1881,(#3597));
#1891=APPLIED_DATE_AND_TIME_ASSIGNMENT(#1900,#1882,(#3598));
#1892=DATE_AND_TIME(#1901,#1910);
#1893=DATE_AND_TIME(#1902,#1911);
#1894=DATE_AND_TIME(#1903,#1912);
#1895=DATE_AND_TIME(#1904,#1913);
#1896=DATE_AND_TIME(#1905,#1914);
#1897=DATE_AND_TIME(#1906,#1915);
#1898=DATE_AND_TIME(#1907,#1916);
#1899=DATE_AND_TIME(#1908,#1917);
#1900=DATE_AND_TIME(#1909,#1918);
#1901=CALENDAR_DATE(2021,30,4);
#1902=CALENDAR_DATE(2021,30,4);
#1903=CALENDAR_DATE(2021,30,4);
#1904=CALENDAR_DATE(2021,30,4);
#1905=CALENDAR_DATE(2021,30,4);
#1906=CALENDAR_DATE(2021,30,4);
#1907=CALENDAR_DATE(2021,30,4);
#1908=CALENDAR_DATE(2021,30,4);
#1909=CALENDAR_DATE(2021,30,4);
#1910=LOCAL_TIME(11,28,33.,#1919);
#1911=LOCAL_TIME(10,47,27.,#1920);
#1912=LOCAL_TIME(11,12,32.,#1921);
#1913=LOCAL_TIME(10,52,56.,#1922);
#1914=LOCAL_TIME(10,52,56.,#1923);
#1915=LOCAL_TIME(11,17,20.,#1924);
#1916=LOCAL_TIME(11,34,3.,#1925);
#1917=LOCAL_TIME(11,37,45.,#1926);
#1918=LOCAL_TIME(11,42,30.,#1927);
#1919=COORDINATED_UNIVERSAL_TIME_OFFSET(0,0,.BEHIND.);
#1920=COORDINATED_UNIVERSAL_TIME_OFFSET(0,0,.BEHIND.);
#1921=COORDINATED_UNIVERSAL_TIME_OFFSET(0,0,.BEHIND.);
#1922=COORDINATED_UNIVERSAL_TIME_OFFSET(0,0,.BEHIND.);
#1923=COORDINATED_UNIVERSAL_TIME_OFFSET(0,0,.BEHIND.);
#1924=COORDINATED_UNIVERSAL_TIME_OFFSET(0,0,.BEHIND.);
#1925=COORDINATED_UNIVERSAL_TIME_OFFSET(0,0,.BEHIND.);
#1926=COORDINATED_UNIVERSAL_TIME_OFFSET(0,0,.BEHIND.);
#1927=COORDINATED_UNIVERSAL_TIME_OFFSET(0,0,.BEHIND.);
#1928=AXIS2_PLACEMENT_3D('placement',#2789,#2180,#2181);
#1929=AXIS2_PLACEMENT_3D('placement',#2790,#2182,#2183);
#1930=AXIS2_PLACEMENT_3D('',#2791,#2184,#2185);
#1931=AXIS2_PLACEMENT_3D('',#2793,#2186,#2187);
#1932=AXIS2_PLACEMENT_3D('',#2796,#2189,#2190);
#1933=AXIS2_PLACEMENT_3D('',#2797,#2191,#2192);
#1934=AXIS2_PLACEMENT_3D('',#2799,#2193,#2194);
#1935=AXIS2_PLACEMENT_3D('',#2800,#2195,#2196);
#1936=AXIS2_PLACEMENT_3D('',#2801,#2197,#2198);
#1937=AXIS2_PLACEMENT_3D('',#2805,#2200,#2201);
#1938=AXIS2_PLACEMENT_3D('',#2806,#2202,#2203);
#1939=AXIS2_PLACEMENT_3D('',#2807,#2204,#2205);
#1940=AXIS2_PLACEMENT_3D('',#2809,#2206,#2207);
#1941=AXIS2_PLACEMENT_3D('',#2811,#2208,#2209);
#1942=AXIS2_PLACEMENT_3D('',#2812,#2210,#2211);
#1943=AXIS2_PLACEMENT_3D('',#2813,#2212,#2213);
#1944=AXIS2_PLACEMENT_3D('',#2814,#2214,#2215);
#1945=AXIS2_PLACEMENT_3D('',#2816,#2216,#2217);
#1946=AXIS2_PLACEMENT_3D('',#2819,#2219,#2220);
#1947=AXIS2_PLACEMENT_3D('',#2820,#2221,#2222);
#1948=AXIS2_PLACEMENT_3D('',#2822,#2223,#2224);
#1949=AXIS2_PLACEMENT_3D('',#2823,#2225,#2226);
#1950=AXIS2_PLACEMENT_3D('',#2824,#2227,#2228);
#1951=AXIS2_PLACEMENT_3D('',#2828,#2230,#2231);
#1952=AXIS2_PLACEMENT_3D('',#2829,#2232,#2233);
#1953=AXIS2_PLACEMENT_3D('',#2830,#2234,#2235);
#1954=AXIS2_PLACEMENT_3D('',#2832,#2236,#2237);
#1955=AXIS2_PLACEMENT_3D('',#2834,#2238,#2239);
#1956=AXIS2_PLACEMENT_3D('',#2835,#2240,#2241);
#1957=AXIS2_PLACEMENT_3D('',#2836,#2242,#2243);
#1958=AXIS2_PLACEMENT_3D('',#2838,#2245,#2246);
#1959=AXIS2_PLACEMENT_3D('placement',#2839,#2247,#2248);
#1960=AXIS2_PLACEMENT_3D('placement',#2840,#2249,#2250);
#1961=AXIS2_PLACEMENT_3D('',#2841,#2251,#2252);
#1962=AXIS2_PLACEMENT_3D('',#2860,#2257,#2258);
#1963=AXIS2_PLACEMENT_3D('',#2922,#2260,#2261);
#1964=AXIS2_PLACEMENT_3D('',#2925,#2262,#2263);
#1965=AXIS2_PLACEMENT_3D('',#2927,#2264,#2265);
#1966=AXIS2_PLACEMENT_3D('',#2931,#2267,#2268);
#1967=AXIS2_PLACEMENT_3D('',#2933,#2269,#2270);
#1968=AXIS2_PLACEMENT_3D('',#2991,#2272,#2273);
#1969=AXIS2_PLACEMENT_3D('',#2995,#2275,#2276);
#1970=AXIS2_PLACEMENT_3D('',#2998,#2278,#2279);
#1971=AXIS2_PLACEMENT_3D('',#2999,#2280,#2281);
#1972=AXIS2_PLACEMENT_3D('',#3015,#2285,#2286);
#1973=AXIS2_PLACEMENT_3D('',#3017,#2287,#2288);
#1974=AXIS2_PLACEMENT_3D('',#3024,#2292,#2293);
#1975=AXIS2_PLACEMENT_3D('',#3025,#2294,#2295);
#1976=AXIS2_PLACEMENT_3D('',#3027,#2296,#2297);
#1977=AXIS2_PLACEMENT_3D('',#3029,#2299,#2300);
#1978=AXIS2_PLACEMENT_3D('',#3030,#2301,#2302);
#1979=AXIS2_PLACEMENT_3D('',#3032,#2303,#2304);
#1980=AXIS2_PLACEMENT_3D('',#3034,#2305,#2306);
#1981=AXIS2_PLACEMENT_3D('',#3036,#2307,#2308);
#1982=AXIS2_PLACEMENT_3D('',#3037,#2309,#2310);
#1983=AXIS2_PLACEMENT_3D('',#3038,#2311,#2312);
#1984=AXIS2_PLACEMENT_3D('',#3039,#2313,#2314);
#1985=AXIS2_PLACEMENT_3D('',#3042,#2316,#2317);
#1986=AXIS2_PLACEMENT_3D('',#3043,#2318,#2319);
#1987=AXIS2_PLACEMENT_3D('',#3045,#2320,#2321);
#1988=AXIS2_PLACEMENT_3D('',#3051,#2325,#2326);
#1989=AXIS2_PLACEMENT_3D('',#3053,#2328,#2329);
#1990=AXIS2_PLACEMENT_3D('',#3059,#2333,#2334);
#1991=AXIS2_PLACEMENT_3D('',#3065,#2338,#2339);
#1992=AXIS2_PLACEMENT_3D('',#3068,#2341,#2342);
#1993=AXIS2_PLACEMENT_3D('',#3069,#2343,#2344);
#1994=AXIS2_PLACEMENT_3D('',#3075,#2347,#2348);
#1995=AXIS2_PLACEMENT_3D('',#3079,#2350,#2351);
#1996=AXIS2_PLACEMENT_3D('',#3084,#2354,#2355);
#1997=AXIS2_PLACEMENT_3D('',#3088,#2357,#2358);
#1998=AXIS2_PLACEMENT_3D('',#3090,#2360,#2361);
#1999=AXIS2_PLACEMENT_3D('',#3092,#2362,#2363);
#2000=AXIS2_PLACEMENT_3D('',#3095,#2365,#2366);
#2001=AXIS2_PLACEMENT_3D('',#3096,#2367,#2368);
#2002=AXIS2_PLACEMENT_3D('',#3098,#2369,#2370);
#2003=AXIS2_PLACEMENT_3D('',#3100,#2371,#2372);
#2004=AXIS2_PLACEMENT_3D('',#3101,#2373,#2374);
#2005=AXIS2_PLACEMENT_3D('',#3102,#2375,#2376);
#2006=AXIS2_PLACEMENT_3D('',#3106,#2378,#2379);
#2007=AXIS2_PLACEMENT_3D('',#3108,#2381,#2382);
#2008=AXIS2_PLACEMENT_3D('',#3110,#2383,#2384);
#2009=AXIS2_PLACEMENT_3D('',#3112,#2386,#2387);
#2010=AXIS2_PLACEMENT_3D('',#3115,#2389,#2390);
#2011=AXIS2_PLACEMENT_3D('',#3117,#2391,#2392);
#2012=AXIS2_PLACEMENT_3D('',#3119,#2394,#2395);
#2013=AXIS2_PLACEMENT_3D('',#3120,#2396,#2397);
#2014=AXIS2_PLACEMENT_3D('',#3121,#2398,#2399);
#2015=AXIS2_PLACEMENT_3D('',#3123,#2401,#2402);
#2016=AXIS2_PLACEMENT_3D('',#3126,#2405,#2406);
#2017=AXIS2_PLACEMENT_3D('',#3129,#2408,#2409);
#2018=AXIS2_PLACEMENT_3D('',#3130,#2410,#2411);
#2019=AXIS2_PLACEMENT_3D('',#3132,#2412,#2413);
#2020=AXIS2_PLACEMENT_3D('',#3133,#2414,#2415);
#2021=AXIS2_PLACEMENT_3D('',#3134,#2416,#2417);
#2022=AXIS2_PLACEMENT_3D('',#3136,#2419,#2420);
#2023=AXIS2_PLACEMENT_3D('',#3142,#2424,#2425);
#2024=AXIS2_PLACEMENT_3D('',#3144,#2426,#2427);
#2025=AXIS2_PLACEMENT_3D('',#3146,#2429,#2430);
#2026=AXIS2_PLACEMENT_3D('',#3150,#2433,#2434);
#2027=AXIS2_PLACEMENT_3D('',#3151,#2435,#2436);
#2028=AXIS2_PLACEMENT_3D('',#3152,#2437,#2438);
#2029=AXIS2_PLACEMENT_3D('',#3153,#2439,#2440);
#2030=AXIS2_PLACEMENT_3D('',#3155,#2441,#2442);
#2031=AXIS2_PLACEMENT_3D('',#3156,#2443,#2444);
#2032=AXIS2_PLACEMENT_3D('',#3157,#2445,#2446);
#2033=AXIS2_PLACEMENT_3D('',#3160,#2448,#2449);
#2034=AXIS2_PLACEMENT_3D('',#3161,#2450,#2451);
#2035=AXIS2_PLACEMENT_3D('',#3163,#2453,#2454);
#2036=AXIS2_PLACEMENT_3D('',#3165,#2456,#2457);
#2037=AXIS2_PLACEMENT_3D('',#3167,#2459,#2460);
#2038=AXIS2_PLACEMENT_3D('',#3170,#2462,#2463);
#2039=AXIS2_PLACEMENT_3D('',#3171,#2464,#2465);
#2040=AXIS2_PLACEMENT_3D('',#3173,#2466,#2467);
#2041=AXIS2_PLACEMENT_3D('',#3174,#2468,#2469);
#2042=AXIS2_PLACEMENT_3D('',#3175,#2470,#2471);
#2043=AXIS2_PLACEMENT_3D('',#3177,#2473,#2474);
#2044=AXIS2_PLACEMENT_3D('',#3179,#2476,#2477);
#2045=AXIS2_PLACEMENT_3D('',#3181,#2479,#2480);
#2046=AXIS2_PLACEMENT_3D('placement',#3182,#2481,#2482);
#2047=AXIS2_PLACEMENT_3D('',#3194,#2483,#2484);
#2048=AXIS2_PLACEMENT_3D('',#3196,#2485,#2486);
#2049=AXIS2_PLACEMENT_3D('',#3198,#2487,#2488);
#2050=AXIS2_PLACEMENT_3D('',#3199,#2489,#2490);
#2051=AXIS2_PLACEMENT_3D('',#3200,#2491,#2492);
#2052=AXIS2_PLACEMENT_3D('',#3203,#2493,#2494);
#2053=AXIS2_PLACEMENT_3D('',#3206,#2497,#2498);
#2054=AXIS2_PLACEMENT_3D('',#3209,#2499,#2500);
#2055=AXIS2_PLACEMENT_3D('',#3210,#2501,#2502);
#2056=AXIS2_PLACEMENT_3D('',#3211,#2503,#2504);
#2057=AXIS2_PLACEMENT_3D('',#3212,#2505,#2506);
#2058=AXIS2_PLACEMENT_3D('',#3215,#2507,#2508);
#2059=AXIS2_PLACEMENT_3D('',#3229,#2511,#2512);
#2060=AXIS2_PLACEMENT_3D('',#3230,#2513,#2514);
#2061=AXIS2_PLACEMENT_3D('',#3231,#2515,#2516);
#2062=AXIS2_PLACEMENT_3D('',#3232,#2517,#2518);
#2063=AXIS2_PLACEMENT_3D('',#3235,#2519,#2520);
#2064=AXIS2_PLACEMENT_3D('',#3249,#2523,#2524);
#2065=AXIS2_PLACEMENT_3D('',#3250,#2525,#2526);
#2066=AXIS2_PLACEMENT_3D('',#3251,#2527,#2528);
#2067=AXIS2_PLACEMENT_3D('',#3252,#2529,#2530);
#2068=AXIS2_PLACEMENT_3D('',#3255,#2531,#2532);
#2069=AXIS2_PLACEMENT_3D('',#3258,#2535,#2536);
#2070=AXIS2_PLACEMENT_3D('',#3261,#2537,#2538);
#2071=AXIS2_PLACEMENT_3D('',#3262,#2539,#2540);
#2072=AXIS2_PLACEMENT_3D('',#3263,#2541,#2542);
#2073=AXIS2_PLACEMENT_3D('',#3264,#2543,#2544);
#2074=AXIS2_PLACEMENT_3D('',#3267,#2545,#2546);
#2075=AXIS2_PLACEMENT_3D('',#3281,#2549,#2550);
#2076=AXIS2_PLACEMENT_3D('',#3282,#2551,#2552);
#2077=AXIS2_PLACEMENT_3D('',#3283,#2553,#2554);
#2078=AXIS2_PLACEMENT_3D('',#3284,#2555,#2556);
#2079=AXIS2_PLACEMENT_3D('',#3287,#2559,#2560);
#2080=AXIS2_PLACEMENT_3D('',#3293,#2564,#2565);
#2081=AXIS2_PLACEMENT_3D('',#3296,#2567,#2568);
#2082=AXIS2_PLACEMENT_3D('',#3297,#2569,#2570);
#2083=AXIS2_PLACEMENT_3D('',#3303,#2573,#2574);
#2084=AXIS2_PLACEMENT_3D('',#3305,#2576,#2577);
#2085=AXIS2_PLACEMENT_3D('',#3308,#2579,#2580);
#2086=AXIS2_PLACEMENT_3D('',#3309,#2581,#2582);
#2087=AXIS2_PLACEMENT_3D('',#3311,#2584,#2585);
#2088=AXIS2_PLACEMENT_3D('',#3313,#2587,#2588);
#2089=AXIS2_PLACEMENT_3D('',#3317,#2590,#2591);
#2090=AXIS2_PLACEMENT_3D('',#3319,#2593,#2594);
#2091=AXIS2_PLACEMENT_3D('',#3321,#2596,#2597);
#2092=AXIS2_PLACEMENT_3D('',#3323,#2598,#2599);
#2093=AXIS2_PLACEMENT_3D('',#3325,#2601,#2602);
#2094=AXIS2_PLACEMENT_3D('',#3329,#2605,#2606);
#2095=AXIS2_PLACEMENT_3D('',#3333,#2609,#2610);
#2096=AXIS2_PLACEMENT_3D('',#3334,#2611,#2612);
#2097=AXIS2_PLACEMENT_3D('',#3335,#2613,#2614);
#2098=AXIS2_PLACEMENT_3D('',#3336,#2615,#2616);
#2099=AXIS2_PLACEMENT_3D('',#3337,#2617,#2618);
#2100=AXIS2_PLACEMENT_3D('',#3338,#2619,#2620);
#2101=AXIS2_PLACEMENT_3D('placement',#3339,#2621,#2622);
#2102=AXIS2_PLACEMENT_3D('',#3340,#2623,#2624);
#2103=AXIS2_PLACEMENT_3D('',#3374,#2625,#2626);
#2104=AXIS2_PLACEMENT_3D('',#3375,#2627,#2628);
#2105=AXIS2_PLACEMENT_3D('',#3376,#2629,#2630);
#2106=AXIS2_PLACEMENT_3D('',#3378,#2631,#2632);
#2107=AXIS2_PLACEMENT_3D('',#3380,#2633,#2634);
#2108=AXIS2_PLACEMENT_3D('',#3381,#2635,#2636);
#2109=AXIS2_PLACEMENT_3D('',#3382,#2637,#2638);
#2110=AXIS2_PLACEMENT_3D('',#3386,#2640,#2641);
#2111=AXIS2_PLACEMENT_3D('',#3387,#2642,#2643);
#2112=AXIS2_PLACEMENT_3D('',#3388,#2644,#2645);
#2113=AXIS2_PLACEMENT_3D('',#3390,#2646,#2647);
#2114=AXIS2_PLACEMENT_3D('',#3392,#2648,#2649);
#2115=AXIS2_PLACEMENT_3D('',#3393,#2650,#2651);
#2116=AXIS2_PLACEMENT_3D('',#3394,#2652,#2653);
#2117=AXIS2_PLACEMENT_3D('',#3398,#2655,#2656);
#2118=AXIS2_PLACEMENT_3D('',#3399,#2657,#2658);
#2119=AXIS2_PLACEMENT_3D('',#3400,#2659,#2660);
#2120=AXIS2_PLACEMENT_3D('',#3402,#2661,#2662);
#2121=AXIS2_PLACEMENT_3D('',#3404,#2663,#2664);
#2122=AXIS2_PLACEMENT_3D('',#3405,#2665,#2666);
#2123=AXIS2_PLACEMENT_3D('',#3406,#2667,#2668);
#2124=AXIS2_PLACEMENT_3D('',#3409,#2670,#2671);
#2125=AXIS2_PLACEMENT_3D('',#3410,#2672,#2673);
#2126=AXIS2_PLACEMENT_3D('placement',#3411,#2674,#2675);
#2127=AXIS2_PLACEMENT_3D('',#3412,#2676,#2677);
#2128=AXIS2_PLACEMENT_3D('',#3415,#2678,#2679);
#2129=AXIS2_PLACEMENT_3D('',#3417,#2680,#2681);
#2130=AXIS2_PLACEMENT_3D('',#3418,#2682,#2683);
#2131=AXIS2_PLACEMENT_3D('',#3419,#2684,#2685);
#2132=AXIS2_PLACEMENT_3D('',#3422,#2686,#2687);
#2133=AXIS2_PLACEMENT_3D('',#3424,#2688,#2689);
#2134=AXIS2_PLACEMENT_3D('',#3425,#2690,#2691);
#2135=AXIS2_PLACEMENT_3D('',#3426,#2692,#2693);
#2136=AXIS2_PLACEMENT_3D('placement',#3428,#2695,#2696);
#2137=AXIS2_PLACEMENT_3D('',#3429,#2697,#2698);
#2138=AXIS2_PLACEMENT_3D('',#3432,#2699,#2700);
#2139=AXIS2_PLACEMENT_3D('',#3433,#2701,#2702);
#2140=AXIS2_PLACEMENT_3D('',#3436,#2703,#2704);
#2141=AXIS2_PLACEMENT_3D('',#3437,#2705,#2706);
#2142=AXIS2_PLACEMENT_3D('',#3438,#2707,#2708);
#2143=AXIS2_PLACEMENT_3D('',#3441,#2709,#2710);
#2144=AXIS2_PLACEMENT_3D('',#3442,#2711,#2712);
#2145=AXIS2_PLACEMENT_3D('',#3472,#2713,#2714);
#2146=AXIS2_PLACEMENT_3D('',#3473,#2715,#2716);
#2147=AXIS2_PLACEMENT_3D('',#3474,#2717,#2718);
#2148=AXIS2_PLACEMENT_3D('',#3475,#2719,#2720);
#2149=AXIS2_PLACEMENT_3D('',#3477,#2722,#2723);
#2150=AXIS2_PLACEMENT_3D('',#3480,#2724,#2725);
#2151=AXIS2_PLACEMENT_3D('',#3481,#2726,#2727);
#2152=AXIS2_PLACEMENT_3D('',#3483,#2729,#2730);
#2153=AXIS2_PLACEMENT_3D('placement',#3486,#2732,#2733);
#2154=AXIS2_PLACEMENT_3D('',#3487,#2734,#2735);
#2155=AXIS2_PLACEMENT_3D('',#3490,#2736,#2737);
#2156=AXIS2_PLACEMENT_3D('',#3491,#2738,#2739);
#2157=AXIS2_PLACEMENT_3D('',#3494,#2740,#2741);
#2158=AXIS2_PLACEMENT_3D('',#3495,#2742,#2743);
#2159=AXIS2_PLACEMENT_3D('',#3496,#2744,#2745);
#2160=AXIS2_PLACEMENT_3D('',#3499,#2746,#2747);
#2161=AXIS2_PLACEMENT_3D('',#3500,#2748,#2749);
#2162=AXIS2_PLACEMENT_3D('',#3501,#2750,#2751);
#2163=AXIS2_PLACEMENT_3D('',#3504,#2752,#2753);
#2164=AXIS2_PLACEMENT_3D('',#3505,#2754,#2755);
#2165=AXIS2_PLACEMENT_3D('',#3506,#2756,#2757);
#2166=AXIS2_PLACEMENT_3D('',#3507,#2758,#2759);
#2167=AXIS2_PLACEMENT_3D('',#3509,#2761,#2762);
#2168=AXIS2_PLACEMENT_3D('',#3512,#2763,#2764);
#2169=AXIS2_PLACEMENT_3D('',#3513,#2765,#2766);
#2170=AXIS2_PLACEMENT_3D('',#3515,#2768,#2769);
#2171=AXIS2_PLACEMENT_3D('',#3518,#2771,#2772);
#2172=AXIS2_PLACEMENT_3D('',#3519,#2773,#2774);
#2173=AXIS2_PLACEMENT_3D('',#3520,#2775,#2776);
#2174=AXIS2_PLACEMENT_3D('',#3521,#2777,#2778);
#2175=AXIS2_PLACEMENT_3D('',#3522,#2779,#2780);
#2176=AXIS2_PLACEMENT_3D('',#3523,#2781,#2782);
#2177=AXIS2_PLACEMENT_3D('',#3524,#2783,#2784);
#2178=AXIS2_PLACEMENT_3D('',#3525,#2785,#2786);
#2179=AXIS2_PLACEMENT_3D('',#3526,#2787,#2788);
#2180=DIRECTION('axis',(0.,0.,1.));
#2181=DIRECTION('refdir',(1.,0.,0.));
#2182=DIRECTION('axis',(0.,0.,1.));
#2183=DIRECTION('refdir',(1.,0.,0.));
#2184=DIRECTION('center_axis',(-4.93038065763132E-32,0.984807753012208,
0.17364817766693));
#2185=DIRECTION('ref_axis',(1.42035710437413E-16,0.17364817766693,-0.984807753012208));
#2186=DIRECTION('center_axis',(2.83276944882399E-16,0.984807753012208,0.173648177666931));
#2187=DIRECTION('ref_axis',(1.42035710437413E-16,0.173648177666931,-0.984807753012208));
#2188=DIRECTION('',(-4.93038065763132E-32,0.984807753012208,0.17364817766693));
#2189=DIRECTION('center_axis',(2.83276944882399E-16,0.984807753012208,0.173648177666931));
#2190=DIRECTION('ref_axis',(1.42035710437413E-16,0.173648177666931,-0.984807753012208));
#2191=DIRECTION('center_axis',(1.,0.,0.));
#2192=DIRECTION('ref_axis',(0.,0.,1.));
#2193=DIRECTION('center_axis',(1.,0.,0.));
#2194=DIRECTION('ref_axis',(0.,0.,1.));
#2195=DIRECTION('center_axis',(2.83276944882399E-16,-1.42035710437413E-16,
1.));
#2196=DIRECTION('ref_axis',(1.42035710437413E-16,1.,1.42035710437413E-16));
#2197=DIRECTION('center_axis',(0.,-1.42035710437413E-16,1.));
#2198=DIRECTION('ref_axis',(1.42035710437413E-16,1.,1.42035710437413E-16));
#2199=DIRECTION('',(0.,-1.42035710437413E-16,1.));
#2200=DIRECTION('center_axis',(2.83276944882399E-16,-1.42035710437413E-16,
1.));
#2201=DIRECTION('ref_axis',(1.42035710437413E-16,1.,1.42035710437413E-16));
#2202=DIRECTION('center_axis',(2.83276944882399E-16,-1.42035710437413E-16,
1.));
#2203=DIRECTION('ref_axis',(1.42035710437413E-16,1.,1.42035710437413E-16));
#2204=DIRECTION('center_axis',(0.,1.,1.42035710437413E-16));
#2205=DIRECTION('ref_axis',(0.,0.,1.));
#2206=DIRECTION('center_axis',(0.,1.,1.42035710437413E-16));
#2207=DIRECTION('ref_axis',(0.,-1.42035710437413E-16,1.));
#2208=DIRECTION('center_axis',(1.,0.,0.));
#2209=DIRECTION('ref_axis',(0.,1.,0.));
#2210=DIRECTION('center_axis',(1.,0.,0.));
#2211=DIRECTION('ref_axis',(0.,1.,0.));
#2212=DIRECTION('center_axis',(2.83276944882399E-16,0.984807753012208,0.173648177666931));
#2213=DIRECTION('ref_axis',(1.,-3.03637573850883E-16,9.06873435894772E-17));
#2214=DIRECTION('center_axis',(-4.93038065763132E-32,-0.984807753012208,
-0.17364817766693));
#2215=DIRECTION('ref_axis',(-1.42035710437413E-16,0.17364817766693,-0.984807753012208));
#2216=DIRECTION('center_axis',(2.83276944882399E-16,-0.984807753012208,
-0.173648177666931));
#2217=DIRECTION('ref_axis',(-1.42035710437413E-16,0.173648177666931,-0.984807753012208));
#2218=DIRECTION('',(4.93038065763132E-32,0.984807753012208,0.17364817766693));
#2219=DIRECTION('center_axis',(2.83276944882399E-16,-0.984807753012208,
-0.173648177666931));
#2220=DIRECTION('ref_axis',(-1.42035710437413E-16,0.173648177666931,-0.984807753012208));
#2221=DIRECTION('center_axis',(-1.,0.,0.));
#2222=DIRECTION('ref_axis',(0.,0.,1.));
#2223=DIRECTION('center_axis',(1.,0.,0.));
#2224=DIRECTION('ref_axis',(0.,0.,1.));
#2225=DIRECTION('center_axis',(2.83276944882399E-16,1.42035710437413E-16,
-1.));
#2226=DIRECTION('ref_axis',(-1.42035710437413E-16,1.,1.42035710437413E-16));
#2227=DIRECTION('center_axis',(0.,1.42035710437413E-16,-1.));
#2228=DIRECTION('ref_axis',(-1.42035710437413E-16,1.,1.42035710437413E-16));
#2229=DIRECTION('',(0.,-1.42035710437413E-16,1.));
#2230=DIRECTION('center_axis',(2.83276944882399E-16,1.42035710437413E-16,
-1.));
#2231=DIRECTION('ref_axis',(-1.42035710437413E-16,1.,1.42035710437413E-16));
#2232=DIRECTION('center_axis',(2.83276944882399E-16,1.42035710437413E-16,
-1.));
#2233=DIRECTION('ref_axis',(-1.42035710437413E-16,1.,1.42035710437413E-16));
#2234=DIRECTION('center_axis',(0.,1.,1.42035710437413E-16));
#2235=DIRECTION('ref_axis',(0.,0.,1.));
#2236=DIRECTION('center_axis',(0.,-1.,-1.42035710437413E-16));
#2237=DIRECTION('ref_axis',(0.,-1.42035710437413E-16,1.));
#2238=DIRECTION('center_axis',(1.,0.,0.));
#2239=DIRECTION('ref_axis',(0.,1.,0.));
#2240=DIRECTION('center_axis',(1.,0.,0.));
#2241=DIRECTION('ref_axis',(0.,1.,0.));
#2242=DIRECTION('center_axis',(1.,0.,0.));
#2243=DIRECTION('ref_axis',(0.,1.,0.));
#2244=DIRECTION('',(-1.,0.,0.));
#2245=DIRECTION('center_axis',(2.83276944882399E-16,-0.984807753012208,
-0.173648177666931));
#2246=DIRECTION('ref_axis',(-1.,-3.03637573850883E-16,9.06873435894772E-17));
#2247=DIRECTION('axis',(0.,0.,1.));
#2248=DIRECTION('refdir',(1.,0.,0.));
#2249=DIRECTION('axis',(0.,0.,1.));
#2250=DIRECTION('refdir',(1.,0.,0.));
#2251=DIRECTION('center_axis',(0.,-0.5299192642332,-0.848048096156429));
#2252=DIRECTION('ref_axis',(0.,-0.848048096156429,0.5299192642332));
#2253=DIRECTION('',(1.,0.,0.));
#2254=DIRECTION('',(-4.91129207373927E-16,-0.848048096156429,0.5299192642332));
#2255=DIRECTION('',(1.,0.,0.));
#2256=DIRECTION('',(-4.91129207373927E-16,0.848048096156429,-0.5299192642332));
#2257=DIRECTION('center_axis',(1.,0.,0.));
#2258=DIRECTION('ref_axis',(0.,-0.224951054343864,0.974370064785236));
#2259=DIRECTION('',(-1.,0.,0.));
#2260=DIRECTION('center_axis',(1.,0.,0.));
#2261=DIRECTION('ref_axis',(0.,-0.90630778703665,0.422618261740699));
#2262=DIRECTION('center_axis',(-0.707106781186548,-0.664463024388674,-0.241844762647975));
#2263=DIRECTION('ref_axis',(0.707106781186547,-0.664463024388675,-0.241844762647976));
#2264=DIRECTION('center_axis',(0.707106781186548,0.664463024388674,0.241844762647975));
#2265=DIRECTION('ref_axis',(-0.707106781186547,0.664463024388675,0.241844762647976));
#2266=DIRECTION('',(-1.,0.,0.));
#2267=DIRECTION('center_axis',(-0.707106781186548,0.664463024388674,0.241844762647975));
#2268=DIRECTION('ref_axis',(0.707106781186547,0.664463024388675,0.241844762647976));
#2269=DIRECTION('center_axis',(0.707106781186548,-0.664463024388674,-0.241844762647975));
#2270=DIRECTION('ref_axis',(-0.707106781186547,-0.664463024388675,-0.241844762647976));
#2271=DIRECTION('',(1.,0.,0.));
#2272=DIRECTION('center_axis',(1.61646984654082E-17,0.939692620785908,0.342020143325669));
#2273=DIRECTION('ref_axis',(-1.,7.57528304457732E-17,-1.60866774609067E-16));
#2274=DIRECTION('',(-1.61646984654082E-17,-0.939692620785908,-0.342020143325669));
#2275=DIRECTION('center_axis',(6.12323399573677E-17,0.939692620785908,0.342020143325669));
#2276=DIRECTION('ref_axis',(-1.,1.11022302462516E-16,-1.48029736616688E-16));
#2277=DIRECTION('',(-1.61646984654082E-17,-0.939692620785908,-0.342020143325669));
#2278=DIRECTION('center_axis',(6.12323399573677E-17,0.939692620785908,0.342020143325669));
#2279=DIRECTION('ref_axis',(-1.,1.11022302462516E-16,-1.48029736616688E-16));
#2280=DIRECTION('center_axis',(0.,0.529919264233205,0.848048096156426));
#2281=DIRECTION('ref_axis',(0.,0.848048096156426,-0.529919264233205));
#2282=DIRECTION('',(4.9112920737393E-16,-0.848048096156426,0.529919264233205));
#2283=DIRECTION('',(-1.,0.,0.));
#2284=DIRECTION('',(4.9112920737393E-16,0.848048096156426,-0.529919264233205));
#2285=DIRECTION('center_axis',(-1.,2.24035098768338E-16,-5.68268958530824E-16));
#2286=DIRECTION('ref_axis',(6.10622663543836E-16,0.342020143325669,-0.939692620785908));
#2287=DIRECTION('center_axis',(1.,-3.20619751606225E-18,-9.92543420554368E-17));
#2288=DIRECTION('ref_axis',(8.45884209238214E-17,-0.342020143325672,0.939692620785907));
#2289=DIRECTION('',(1.52685222060452E-18,0.104528463267653,-0.994521895368273));
#2290=DIRECTION('',(5.61712029887145E-16,0.994521895368273,0.104528463267654));
#2291=DIRECTION('',(1.52685222060452E-18,0.104528463267653,-0.994521895368273));
#2292=DIRECTION('center_axis',(1.,-3.47062617718075E-18,-1.07440267173411E-16));
#2293=DIRECTION('ref_axis',(9.15647855360955E-17,-0.342020143325672,0.939692620785907));
#2294=DIRECTION('center_axis',(-1.,2.24035098768338E-16,-5.68268958530824E-16));
#2295=DIRECTION('ref_axis',(6.10622663543836E-16,0.342020143325669,-0.939692620785908));
#2296=DIRECTION('center_axis',(1.,-3.47062617718075E-18,-1.07440267173411E-16));
#2297=DIRECTION('ref_axis',(9.15647855360955E-17,-0.342020143325672,0.939692620785907));
#2298=DIRECTION('',(-6.10622663543836E-16,-0.34202014332567,0.939692620785908));
#2299=DIRECTION('center_axis',(1.,-3.20619751606225E-18,-9.92543420554368E-17));
#2300=DIRECTION('ref_axis',(8.45884209238214E-17,-0.342020143325672,0.939692620785907));
#2301=DIRECTION('center_axis',(1.,1.38777878078145E-17,-5.55111512312578E-17));
#2302=DIRECTION('ref_axis',(-5.55111512312578E-17,0.,-1.));
#2303=DIRECTION('center_axis',(1.,3.20619751606225E-18,9.92543420554368E-17));
#2304=DIRECTION('ref_axis',(-8.45884209238214E-17,-0.342020143325672,0.939692620785907));
#2305=DIRECTION('center_axis',(1.88852847711453E-16,0.104528463267654,-0.994521895368273));
#2306=DIRECTION('ref_axis',(1.,1.08508675021617E-16,1.93721666999145E-16));
#2307=DIRECTION('center_axis',(1.,-5.56753833798946E-17,1.4390150777888E-16));
#2308=DIRECTION('ref_axis',(-1.53968517903757E-16,-0.342020143325672,0.939692620785907));
#2309=DIRECTION('center_axis',(6.12323399573677E-17,-0.939692620785908,
-0.342020143325669));
#2310=DIRECTION('ref_axis',(1.,1.11022302462516E-16,-1.48029736616688E-16));
#2311=DIRECTION('center_axis',(1.,3.20619751606225E-18,9.92543420554368E-17));
#2312=DIRECTION('ref_axis',(-8.45884209238214E-17,-0.342020143325672,0.939692620785907));
#2313=DIRECTION('center_axis',(-1.,-2.24035098768338E-16,5.68268958530824E-16));
#2314=DIRECTION('ref_axis',(-6.10622663543836E-16,0.342020143325669,-0.939692620785908));
#2315=DIRECTION('',(-6.10622663543836E-16,0.34202014332567,-0.939692620785908));
#2316=DIRECTION('center_axis',(1.,3.47062617718075E-18,1.07440267173411E-16));
#2317=DIRECTION('ref_axis',(-9.15647855360955E-17,-0.342020143325672,0.939692620785907));
#2318=DIRECTION('center_axis',(-1.,-2.24035098768338E-16,5.68268958530824E-16));
#2319=DIRECTION('ref_axis',(-6.10622663543836E-16,0.342020143325669,-0.939692620785908));
#2320=DIRECTION('center_axis',(1.,3.47062617718075E-18,1.07440267173411E-16));
#2321=DIRECTION('ref_axis',(-9.15647855360955E-17,-0.342020143325672,0.939692620785907));
#2322=DIRECTION('',(-1.52685222060452E-18,0.104528463267653,-0.994521895368273));
#2323=DIRECTION('',(-5.61712029887145E-16,0.994521895368273,0.104528463267654));
#2324=DIRECTION('',(-1.52685222060452E-18,0.104528463267653,-0.994521895368273));
#2325=DIRECTION('center_axis',(0.,-0.939692620785908,-0.34202014332567));
#2326=DIRECTION('ref_axis',(0.,-0.34202014332567,0.939692620785908));
#2327=DIRECTION('',(1.,0.,0.));
#2328=DIRECTION('center_axis',(0.,0.939692620785908,0.34202014332567));
#2329=DIRECTION('ref_axis',(0.,0.34202014332567,-0.939692620785908));
#2330=DIRECTION('',(6.10622663543836E-16,-0.34202014332567,0.939692620785908));
#2331=DIRECTION('',(-1.,0.,0.));
#2332=DIRECTION('',(6.10622663543836E-16,0.34202014332567,-0.939692620785908));
#2333=DIRECTION('center_axis',(-1.,-2.24035098768338E-16,5.68268958530824E-16));
#2334=DIRECTION('ref_axis',(-6.10622663543836E-16,0.342020143325669,-0.939692620785908));
#2335=DIRECTION('',(1.61646984654082E-17,-0.939692620785908,-0.342020143325669));
#2336=DIRECTION('',(-6.10622663543836E-16,0.342020143325669,-0.939692620785908));
#2337=DIRECTION('',(1.61646984654082E-17,-0.939692620785908,-0.342020143325669));
#2338=DIRECTION('center_axis',(1.61646984654082E-17,-0.939692620785908,
-0.342020143325669));
#2339=DIRECTION('ref_axis',(1.,7.57528304457732E-17,-1.60866774609067E-16));
#2340=DIRECTION('',(1.61646984654082E-17,-0.939692620785908,-0.342020143325669));
#2341=DIRECTION('center_axis',(6.12323399573677E-17,-0.939692620785908,
-0.342020143325669));
#2342=DIRECTION('ref_axis',(1.,1.11022302462516E-16,-1.48029736616688E-16));
#2343=DIRECTION('center_axis',(0.,0.342020143325668,-0.939692620785909));
#2344=DIRECTION('ref_axis',(0.,0.939692620785909,0.342020143325668));
#2345=DIRECTION('',(-1.,1.52655665885959E-16,-2.77555756156289E-16));
#2346=DIRECTION('',(-1.61646984654082E-17,-0.939692620785908,-0.342020143325669));
#2347=DIRECTION('center_axis',(0.,-0.342020143325669,0.939692620785908));
#2348=DIRECTION('ref_axis',(0.,0.939692620785908,0.342020143325669));
#2349=DIRECTION('',(-1.,0.,0.));
#2350=DIRECTION('center_axis',(0.,0.342020143325669,-0.939692620785908));
#2351=DIRECTION('ref_axis',(0.,0.939692620785908,0.342020143325669));
#2352=DIRECTION('',(1.61646984654082E-17,-0.939692620785908,-0.342020143325669));
#2353=DIRECTION('',(1.,1.52655665885959E-16,-2.77555756156289E-16));
#2354=DIRECTION('center_axis',(-2.14425238664714E-17,0.342020143325669,
-0.939692620785908));
#2355=DIRECTION('ref_axis',(-1.77635683940025E-16,0.939692620785908,0.342020143325669));
#2356=DIRECTION('',(1.,0.,0.));
#2357=DIRECTION('center_axis',(-2.14425238664714E-17,-0.342020143325669,
0.939692620785908));
#2358=DIRECTION('ref_axis',(1.77635683940025E-16,0.939692620785908,0.342020143325669));
#2359=DIRECTION('',(-1.61646984654082E-17,-0.939692620785908,-0.342020143325669));
#2360=DIRECTION('center_axis',(0.,-0.994521895368273,-0.104528463267653));
#2361=DIRECTION('ref_axis',(-1.,0.,4.2700885562506E-18));
#2362=DIRECTION('center_axis',(1.61891055191859E-15,-0.994521895368274,
-0.104528463267651));
#2363=DIRECTION('ref_axis',(-1.,0.,-1.56319401867221E-14));
#2364=DIRECTION('',(-1.66533453693773E-16,0.994521895368273,0.104528463267654));
#2365=DIRECTION('center_axis',(1.87622083831625E-15,-0.994521895368274,
-0.104528463267651));
#2366=DIRECTION('ref_axis',(-1.,0.,-1.56319401867222E-14));
#2367=DIRECTION('center_axis',(0.,0.994521895368273,0.104528463267653));
#2368=DIRECTION('ref_axis',(0.,-0.104528463267653,0.994521895368273));
#2369=DIRECTION('center_axis',(1.88852847711453E-16,-0.104528463267654,
0.994521895368273));
#2370=DIRECTION('ref_axis',(-1.,1.08508675021617E-16,1.93721666999145E-16));
#2371=DIRECTION('center_axis',(6.34793790453613E-16,-0.994521895368274,
-0.104528463267652));
#2372=DIRECTION('ref_axis',(-1.,1.12784561231762E-15,-1.24063017354938E-14));
#2373=DIRECTION('center_axis',(-1.,-1.80411241501588E-16,2.30718222304915E-16));
#2374=DIRECTION('ref_axis',(-2.4255053434404E-16,0.104528463267654,-0.994521895368273));
#2375=DIRECTION('center_axis',(0.,-0.994521895368273,-0.104528463267653));
#2376=DIRECTION('ref_axis',(-1.,0.,4.2700885562506E-18));
#2377=DIRECTION('',(1.7313397126834E-16,0.994521895368273,0.104528463267654));
#2378=DIRECTION('center_axis',(8.3738755336434E-16,-0.994521895368274,-0.104528463267652));
#2379=DIRECTION('ref_axis',(-1.,0.,-1.12784561231762E-14));
#2380=DIRECTION('',(-2.22044604925031E-16,0.994521895368273,0.104528463267654));
#2381=DIRECTION('center_axis',(-1.52685222060452E-18,-0.104528463267653,
0.994521895368273));
#2382=DIRECTION('ref_axis',(-1.,1.27621186759578E-16,1.18782646885758E-17));
#2383=DIRECTION('center_axis',(1.88852847711453E-16,-0.104528463267654,
0.994521895368273));
#2384=DIRECTION('ref_axis',(-1.,1.08508675021617E-16,1.93721666999145E-16));
#2385=DIRECTION('',(1.52685222060452E-18,0.104528463267653,-0.994521895368273));
#2386=DIRECTION('center_axis',(1.,-1.38777878078145E-17,5.55111512312578E-17));
#2387=DIRECTION('ref_axis',(1.26882631385732E-16,-0.342020143325669,0.939692620785908));
#2388=DIRECTION('',(-1.,2.44259240422023E-16,2.02783161422907E-16));
#2389=DIRECTION('center_axis',(1.,4.72424795930754E-17,-1.28168437199033E-16));
#2390=DIRECTION('ref_axis',(1.37347178304143E-16,-0.342020143325672,0.939692620785907));
#2391=DIRECTION('center_axis',(1.,-4.72424795930754E-17,1.28168437199033E-16));
#2392=DIRECTION('ref_axis',(-1.37347178304143E-16,-0.342020143325672,0.939692620785907));
#2393=DIRECTION('',(1.,2.44259240422023E-16,2.02783161422907E-16));
#2394=DIRECTION('center_axis',(-1.,1.38777878078145E-17,-5.55111512312578E-17));
#2395=DIRECTION('ref_axis',(0.,0.,-1.));
#2396=DIRECTION('center_axis',(1.,5.56753833798946E-17,-1.4390150777888E-16));
#2397=DIRECTION('ref_axis',(1.53968517903757E-16,-0.342020143325672,0.939692620785907));
#2398=DIRECTION('center_axis',(-1.,2.24035098768338E-16,-5.68268958530824E-16));
#2399=DIRECTION('ref_axis',(6.10622663543836E-16,0.342020143325669,-0.939692620785908));
#2400=DIRECTION('',(6.10622663543836E-16,0.342020143325669,-0.939692620785908));
#2401=DIRECTION('center_axis',(-1.,9.11335754663241E-17,-2.03125024247419E-16));
#2402=DIRECTION('ref_axis',(2.22044604925031E-16,0.342020143325669,-0.939692620785908));
#2403=DIRECTION('',(2.22044604925031E-16,0.342020143325669,-0.939692620785908));
#2404=DIRECTION('',(1.52685222060452E-18,0.104528463267653,-0.994521895368273));
#2405=DIRECTION('center_axis',(0.,-0.342020143325669,0.939692620785909));
#2406=DIRECTION('ref_axis',(0.,0.939692620785908,0.342020143325669));
#2407=DIRECTION('',(0.,0.342020143325668,-0.939692620785909));
#2408=DIRECTION('center_axis',(1.500976670653E-16,-0.342020143325669,0.939692620785908));
#2409=DIRECTION('ref_axis',(3.5527136788005E-16,0.939692620785908,0.342020143325669));
#2410=DIRECTION('center_axis',(0.,0.342020143325669,-0.939692620785909));
#2411=DIRECTION('ref_axis',(1.,0.,0.));
#2412=DIRECTION('center_axis',(1.,0.,0.));
#2413=DIRECTION('ref_axis',(0.,0.939692620785909,0.342020143325669));
#2414=DIRECTION('center_axis',(-5.40250034428608E-17,-0.342020143325669,
0.939692620785908));
#2415=DIRECTION('ref_axis',(1.40980701539702E-16,0.939692620785908,0.342020143325669));
#2416=DIRECTION('center_axis',(0.,-0.342020143325669,0.939692620785909));
#2417=DIRECTION('ref_axis',(0.,0.939692620785908,0.342020143325669));
#2418=DIRECTION('',(0.,0.342020143325669,-0.939692620785909));
#2419=DIRECTION('center_axis',(2.8680286634801E-18,-0.104528463267654,0.994521895368273));
#2420=DIRECTION('ref_axis',(1.66533453693773E-16,0.994521895368273,0.104528463267654));
#2421=DIRECTION('',(1.66533453693773E-16,0.994521895368273,0.104528463267654));
#2422=DIRECTION('',(-1.,0.,0.));
#2423=DIRECTION('',(-1.,0.,0.));
#2424=DIRECTION('center_axis',(-1.,-5.63088172800771E-17,-3.03446861178251E-18));
#2425=DIRECTION('ref_axis',(-2.86802866348008E-18,0.104528463267654,-0.994521895368273));
#2426=DIRECTION('center_axis',(-1.,1.80411241501588E-16,-2.30718222304915E-16));
#2427=DIRECTION('ref_axis',(2.4255053434404E-16,0.104528463267654,-0.994521895368273));
#2428=DIRECTION('',(-1.,0.,0.));
#2429=DIRECTION('center_axis',(2.86802866348008E-18,-0.104528463267654,
0.994521895368273));
#2430=DIRECTION('ref_axis',(2.22044604925031E-16,0.994521895368273,0.104528463267654));
#2431=DIRECTION('',(2.22044604925031E-16,0.994521895368273,0.104528463267654));
#2432=DIRECTION('',(-1.,0.,0.));
#2433=DIRECTION('center_axis',(0.,0.994521895368273,0.104528463267653));
#2434=DIRECTION('ref_axis',(1.,0.,4.2700885562506E-18));
#2435=DIRECTION('center_axis',(1.87622083831625E-15,0.994521895368274,0.104528463267651));
#2436=DIRECTION('ref_axis',(1.,0.,-1.56319401867222E-14));
#2437=DIRECTION('center_axis',(1.61891055191859E-15,0.994521895368274,0.104528463267651));
#2438=DIRECTION('ref_axis',(1.,0.,-1.56319401867221E-14));
#2439=DIRECTION('center_axis',(0.,0.994521895368273,0.104528463267653));
#2440=DIRECTION('ref_axis',(0.,-0.104528463267653,0.994521895368273));
#2441=DIRECTION('center_axis',(1.88852847711453E-16,0.104528463267654,-0.994521895368273));
#2442=DIRECTION('ref_axis',(1.,1.08508675021617E-16,1.93721666999145E-16));
#2443=DIRECTION('center_axis',(6.34793790453613E-16,0.994521895368274,0.104528463267652));
#2444=DIRECTION('ref_axis',(1.,1.12784561231762E-15,-1.24063017354938E-14));
#2445=DIRECTION('center_axis',(0.,0.994521895368273,0.104528463267653));
#2446=DIRECTION('ref_axis',(1.,0.,4.2700885562506E-18));
#2447=DIRECTION('',(-1.7313397126834E-16,0.994521895368273,0.104528463267654));
#2448=DIRECTION('center_axis',(8.3738755336434E-16,0.994521895368274,0.104528463267652));
#2449=DIRECTION('ref_axis',(1.,0.,-1.12784561231762E-14));
#2450=DIRECTION('center_axis',(-2.64117774985818E-16,0.994521895368273,
0.104528463267653));
#2451=DIRECTION('ref_axis',(1.,2.44259240422023E-16,2.02783161422907E-16));
#2452=DIRECTION('',(-1.52685222060452E-18,0.104528463267653,-0.994521895368273));
#2453=DIRECTION('center_axis',(-1.52685222060452E-18,0.104528463267653,
-0.994521895368273));
#2454=DIRECTION('ref_axis',(1.,1.27621186759578E-16,1.18782646885758E-17));
#2455=DIRECTION('',(-1.52685222060452E-18,0.104528463267653,-0.994521895368273));
#2456=DIRECTION('center_axis',(-1.,-9.11335754663241E-17,2.03125024247419E-16));
#2457=DIRECTION('ref_axis',(-2.22044604925031E-16,0.342020143325669,-0.939692620785908));
#2458=DIRECTION('',(-2.22044604925031E-16,0.342020143325669,-0.939692620785908));
#2459=DIRECTION('center_axis',(0.,0.342020143325669,-0.939692620785909));
#2460=DIRECTION('ref_axis',(0.,0.939692620785908,0.342020143325669));
#2461=DIRECTION('',(0.,0.342020143325668,-0.939692620785909));
#2462=DIRECTION('center_axis',(1.500976670653E-16,0.342020143325669,-0.939692620785908));
#2463=DIRECTION('ref_axis',(-3.5527136788005E-16,0.939692620785908,0.342020143325669));
#2464=DIRECTION('center_axis',(0.,0.342020143325669,-0.939692620785909));
#2465=DIRECTION('ref_axis',(-1.,0.,0.));
#2466=DIRECTION('center_axis',(1.,0.,0.));
#2467=DIRECTION('ref_axis',(0.,0.939692620785909,0.342020143325669));
#2468=DIRECTION('center_axis',(-5.40250034428608E-17,0.342020143325669,
-0.939692620785908));
#2469=DIRECTION('ref_axis',(-1.40980701539702E-16,0.939692620785908,0.342020143325669));
#2470=DIRECTION('center_axis',(0.,0.342020143325669,-0.939692620785909));
#2471=DIRECTION('ref_axis',(0.,0.939692620785908,0.342020143325669));
#2472=DIRECTION('',(0.,0.342020143325669,-0.939692620785909));
#2473=DIRECTION('center_axis',(0.,-0.939692620785909,-0.342020143325668));
#2474=DIRECTION('ref_axis',(0.,0.342020143325668,-0.939692620785909));
#2475=DIRECTION('',(1.,0.,0.));
#2476=DIRECTION('center_axis',(1.,0.,0.));
#2477=DIRECTION('ref_axis',(0.,0.939692620785909,0.342020143325669));
#2478=DIRECTION('',(1.,0.,0.));
#2479=DIRECTION('center_axis',(0.,-0.939692620785909,-0.342020143325669));
#2480=DIRECTION('ref_axis',(0.,0.342020143325669,-0.939692620785909));
#2481=DIRECTION('axis',(0.,0.,1.));
#2482=DIRECTION('refdir',(1.,0.,0.));
#2483=DIRECTION('center_axis',(-1.,0.,0.));
#2484=DIRECTION('ref_axis',(0.,0.994521895368274,0.104528463267653));
#2485=DIRECTION('center_axis',(-3.21027677144234E-16,0.994521895368273,
0.104528463267653));
#2486=DIRECTION('ref_axis',(-0.707106781186547,0.0739127852035663,-0.703233176253405));
#2487=DIRECTION('center_axis',(1.85679850637493E-16,0.104528463267653,-0.994521895368273));
#2488=DIRECTION('ref_axis',(-1.,1.77635683940025E-15,0.));
#2489=DIRECTION('center_axis',(3.21027677144234E-16,-0.994521895368273,
-0.104528463267653));
#2490=DIRECTION('ref_axis',(-0.707106781186547,0.0739127852035664,-0.703233176253405));
#2491=DIRECTION('center_axis',(2.65400569507201E-16,0.104528463267653,-0.994521895368273));
#2492=DIRECTION('ref_axis',(-0.707106781186548,0.703233176253404,0.0739127852035669));
#2493=DIRECTION('center_axis',(0.,0.104528463267653,-0.994521895368274));
#2494=DIRECTION('ref_axis',(-1.,0.,0.));
#2495=DIRECTION('',(2.65400569507201E-16,0.104528463267653,-0.994521895368273));
#2496=DIRECTION('',(-2.65400569507201E-16,-0.104528463267653,0.994521895368273));
#2497=DIRECTION('center_axis',(1.,-1.10119507366612E-16,2.55288443430763E-16));
#2498=DIRECTION('ref_axis',(0.,0.,-1.));
#2499=DIRECTION('center_axis',(0.,-0.939692620785906,-0.342020143325676));
#2500=DIRECTION('ref_axis',(-1.,0.,0.));
#2501=DIRECTION('center_axis',(1.,-1.10119507366612E-16,2.55288443430763E-16));
#2502=DIRECTION('ref_axis',(-1.8897413185109E-16,-0.848048096156431,0.529919264233198));
#2503=DIRECTION('center_axis',(-1.,1.10119507366612E-16,-2.55288443430763E-16));
#2504=DIRECTION('ref_axis',(-2.28668902682007E-16,-0.848048096156431,0.529919264233198));
#2505=DIRECTION('center_axis',(-1.61646984654083E-17,-0.939692620785909,
-0.342020143325668));
#2506=DIRECTION('ref_axis',(-0.707106781186547,0.241844762647975,-0.664463024388675));
#2507=DIRECTION('center_axis',(3.79718638005753E-17,-0.939692620785909,
-0.342020143325668));
#2508=DIRECTION('ref_axis',(-1.,0.,-1.11022302462516E-16));
#2509=DIRECTION('',(-1.61646984654083E-17,-0.939692620785909,-0.342020143325668));
#2510=DIRECTION('',(1.61646984654083E-17,0.939692620785909,0.342020143325668));
#2511=DIRECTION('center_axis',(-1.,0.,0.));
#2512=DIRECTION('ref_axis',(0.,0.939692620785909,0.342020143325669));
#2513=DIRECTION('center_axis',(0.,-0.342020143325668,0.939692620785909));
#2514=DIRECTION('ref_axis',(-0.707106781186548,0.664463024388675,0.241844762647975));
#2515=DIRECTION('center_axis',(0.,0.342020143325668,-0.939692620785909));
#2516=DIRECTION('ref_axis',(-0.707106781186548,0.664463024388675,0.241844762647975));
#2517=DIRECTION('center_axis',(1.,0.,0.));
#2518=DIRECTION('ref_axis',(0.,0.90630778703665,-0.4226182617407));
#2519=DIRECTION('center_axis',(-1.,2.08653676733374E-16,7.59437276011506E-17));
#2520=DIRECTION('ref_axis',(2.22044604925031E-16,0.939692620785909,0.342020143325668));
#2521=DIRECTION('',(-1.,0.,0.));
#2522=DIRECTION('',(1.,0.,0.));
#2523=DIRECTION('center_axis',(-3.79718638005753E-17,0.939692620785909,
0.342020143325668));
#2524=DIRECTION('ref_axis',(1.,0.,1.11022302462516E-16));
#2525=DIRECTION('center_axis',(0.,-0.342020143325668,0.939692620785909));
#2526=DIRECTION('ref_axis',(0.707106781186548,0.664463024388675,0.241844762647975));
#2527=DIRECTION('center_axis',(0.,0.342020143325668,-0.939692620785909));
#2528=DIRECTION('ref_axis',(0.707106781186548,0.664463024388675,0.241844762647975));
#2529=DIRECTION('center_axis',(1.61646984654083E-17,-0.939692620785909,
-0.342020143325668));
#2530=DIRECTION('ref_axis',(0.707106781186547,0.241844762647975,-0.664463024388675));
#2531=DIRECTION('center_axis',(1.51887455202302E-16,0.939692620785908,0.34202014332567));
#2532=DIRECTION('ref_axis',(1.,0.,-4.44089209850063E-16));
#2533=DIRECTION('',(-1.61646984654083E-17,0.939692620785909,0.342020143325668));
#2534=DIRECTION('',(1.61646984654083E-17,-0.939692620785909,-0.342020143325668));
#2535=DIRECTION('center_axis',(1.,1.10119507366612E-16,-2.55288443430763E-16));
#2536=DIRECTION('ref_axis',(-2.23792987640976E-16,0.,-1.));
#2537=DIRECTION('center_axis',(0.,-0.104528463267662,0.994521895368273));
#2538=DIRECTION('ref_axis',(1.,0.,0.));
#2539=DIRECTION('center_axis',(-1.,-1.10119507366612E-16,2.55288443430763E-16));
#2540=DIRECTION('ref_axis',(1.8897413185109E-16,-0.84804809615643,0.529919264233198));
#2541=DIRECTION('center_axis',(1.,1.10119507366612E-16,-2.55288443430763E-16));
#2542=DIRECTION('ref_axis',(2.28668902682007E-16,-0.84804809615643,0.529919264233198));
#2543=DIRECTION('center_axis',(-2.65400569507201E-16,0.104528463267653,
-0.994521895368273));
#2544=DIRECTION('ref_axis',(0.707106781186546,0.703233176253405,0.0739127852035668));
#2545=DIRECTION('center_axis',(-1.76662577077073E-15,-0.104528463267655,
0.994521895368273));
#2546=DIRECTION('ref_axis',(1.,0.,1.77635683940025E-15));
#2547=DIRECTION('',(2.65400569507201E-16,-0.104528463267653,0.994521895368273));
#2548=DIRECTION('',(-2.65400569507201E-16,0.104528463267653,-0.994521895368273));
#2549=DIRECTION('center_axis',(1.,2.20828221346342E-16,2.32099813296869E-17));
#2550=DIRECTION('ref_axis',(0.,0.104528463267654,-0.994521895368273));
#2551=DIRECTION('center_axis',(3.21027677144234E-16,-0.994521895368273,
-0.104528463267653));
#2552=DIRECTION('ref_axis',(0.707106781186548,0.0739127852035669,-0.703233176253404));
#2553=DIRECTION('center_axis',(-3.21027677144234E-16,0.994521895368273,
0.104528463267653));
#2554=DIRECTION('ref_axis',(0.707106781186548,0.0739127852035668,-0.703233176253404));
#2555=DIRECTION('center_axis',(-1.,-3.19568844567958E-16,-3.07042124558965E-17));
#2556=DIRECTION('ref_axis',(-3.14018491736755E-16,0.777145961456972,-0.629320391049836));
#2557=DIRECTION('',(1.,3.19568844567958E-16,3.07042124558965E-17));
#2558=DIRECTION('',(-1.,-3.19568844567958E-16,-3.07042124558964E-17));
#2559=DIRECTION('center_axis',(0.,0.939692620785909,0.342020143325668));
#2560=DIRECTION('ref_axis',(0.,-0.342020143325668,0.939692620785909));
#2561=DIRECTION('',(-2.77555756156289E-16,-0.342020143325668,0.939692620785909));
#2562=DIRECTION('',(-1.,0.,0.));
#2563=DIRECTION('',(2.77555756156289E-16,-0.342020143325668,0.939692620785909));
#2564=DIRECTION('center_axis',(-2.77555756156289E-16,-0.342020143325668,
0.939692620785909));
#2565=DIRECTION('ref_axis',(-0.707106781186547,0.664463024388675,0.241844762647975));
#2566=DIRECTION('',(2.77555756156289E-16,0.342020143325668,-0.939692620785909));
#2567=DIRECTION('center_axis',(0.,-0.342020143325668,0.939692620785909));
#2568=DIRECTION('ref_axis',(-0.707106781186547,0.664463024388675,0.241844762647975));
#2569=DIRECTION('center_axis',(1.,-1.10119507366612E-16,2.55288443430763E-16));
#2570=DIRECTION('ref_axis',(-2.77555756156289E-16,-0.342020143325669,0.939692620785908));
#2571=DIRECTION('',(-8.28313525014543E-17,-0.994521895368273,-0.104528463267654));
#2572=DIRECTION('',(1.52685222060452E-18,0.104528463267653,-0.994521895368273));
#2573=DIRECTION('center_axis',(1.,4.72424795930754E-17,-1.28168437199033E-16));
#2574=DIRECTION('ref_axis',(1.37347178304143E-16,-0.342020143325672,0.939692620785907));
#2575=DIRECTION('',(1.61646984654083E-17,0.939692620785909,0.342020143325668));
#2576=DIRECTION('center_axis',(8.28313525014543E-17,0.994521895368273,0.104528463267654));
#2577=DIRECTION('ref_axis',(-0.707106781186548,0.073912785203567,-0.703233176253403));
#2578=DIRECTION('',(8.28313525014543E-17,0.994521895368273,0.104528463267654));
#2579=DIRECTION('center_axis',(-2.64117774985818E-16,-0.994521895368273,
-0.104528463267653));
#2580=DIRECTION('ref_axis',(-0.707106781186548,0.073912785203567,-0.703233176253403));
#2581=DIRECTION('center_axis',(-3.21027677144234E-16,0.994521895368273,
0.104528463267653));
#2582=DIRECTION('ref_axis',(1.,3.01478813955569E-16,2.02819356690209E-16));
#2583=DIRECTION('',(-1.,0.,0.));
#2584=DIRECTION('center_axis',(1.,1.38777878078145E-17,-5.55111512312578E-17));
#2585=DIRECTION('ref_axis',(-1.26882631385732E-16,-0.342020143325669,0.939692620785908));
#2586=DIRECTION('',(-1.,0.,0.));
#2587=DIRECTION('center_axis',(8.28313525014543E-17,-0.994521895368273,
-0.104528463267654));
#2588=DIRECTION('ref_axis',(0.707106781186548,0.073912785203567,-0.703233176253403));
#2589=DIRECTION('',(8.28313525014543E-17,-0.994521895368273,-0.104528463267654));
#2590=DIRECTION('center_axis',(-2.64117774985818E-16,0.994521895368273,
0.104528463267653));
#2591=DIRECTION('ref_axis',(0.707106781186548,0.073912785203567,-0.703233176253403));
#2592=DIRECTION('',(-8.28313525014543E-17,0.994521895368273,0.104528463267654));
#2593=DIRECTION('center_axis',(-2.86802866348008E-18,0.104528463267654,
-0.994521895368273));
#2594=DIRECTION('ref_axis',(-2.63677968348475E-16,-0.994521895368273,-0.104528463267654));
#2595=DIRECTION('',(1.,0.,0.));
#2596=DIRECTION('center_axis',(-2.77555756156289E-16,0.342020143325668,
-0.939692620785909));
#2597=DIRECTION('ref_axis',(0.707106781186547,0.664463024388675,0.241844762647975));
#2598=DIRECTION('center_axis',(0.,0.342020143325668,-0.939692620785909));
#2599=DIRECTION('ref_axis',(0.707106781186547,0.664463024388675,0.241844762647975));
#2600=DIRECTION('',(-2.77555756156289E-16,0.342020143325668,-0.939692620785909));
#2601=DIRECTION('center_axis',(0.,-0.342020143325668,0.939692620785909));
#2602=DIRECTION('ref_axis',(0.,-0.939692620785909,-0.342020143325668));
#2603=DIRECTION('',(1.,-1.52655665885959E-16,2.77555756156289E-16));
#2604=DIRECTION('',(-1.61646984654083E-17,0.939692620785909,0.342020143325668));
#2605=DIRECTION('center_axis',(2.64117774985818E-16,-0.994521895368273,
-0.104528463267653));
#2606=DIRECTION('ref_axis',(-1.,-2.44259240422023E-16,-2.02783161422907E-16));
#2607=DIRECTION('',(-1.52685222060452E-18,0.104528463267653,-0.994521895368273));
#2608=DIRECTION('',(1.,-2.44259240422023E-16,-2.02783161422907E-16));
#2609=DIRECTION('center_axis',(1.,1.38777878078145E-17,-5.55111512312578E-17));
#2610=DIRECTION('ref_axis',(-1.26882631385732E-16,-0.342020143325669,0.939692620785908));
#2611=DIRECTION('center_axis',(1.,-4.72424795930754E-17,1.28168437199033E-16));
#2612=DIRECTION('ref_axis',(-1.37347178304143E-16,-0.342020143325672,0.939692620785907));
#2613=DIRECTION('center_axis',(1.,1.10119507366612E-16,-2.55288443430763E-16));
#2614=DIRECTION('ref_axis',(2.77555756156289E-16,-0.342020143325669,0.939692620785908));
#2615=DIRECTION('center_axis',(0.,0.342020143325668,-0.939692620785909));
#2616=DIRECTION('ref_axis',(0.,0.939692620785909,0.342020143325668));
#2617=DIRECTION('',(0.,0.,1.));
#2618=DIRECTION('',(1.,0.,0.));
#2619=DIRECTION('',(-3.38963670212154E-32,2.77555756156289E-17,1.));
#2620=DIRECTION('',(1.,4.93038065763133E-32,3.38963670212154E-32));
#2621=DIRECTION('axis',(0.,0.,1.));
#2622=DIRECTION('refdir',(1.,0.,0.));
#2623=DIRECTION('center_axis',(0.,-0.939692620785908,-0.34202014332567));
#2624=DIRECTION('ref_axis',(-1.,0.,0.));
#2625=DIRECTION('center_axis',(0.,0.939692620785908,0.34202014332567));
#2626=DIRECTION('ref_axis',(-1.,0.,0.));
#2627=DIRECTION('center_axis',(0.,0.939692620785908,0.34202014332567));
#2628=DIRECTION('ref_axis',(-1.,0.,0.));
#2629=DIRECTION('center_axis',(1.,0.,0.));
#2630=DIRECTION('ref_axis',(0.,0.,-1.));
#2631=DIRECTION('center_axis',(-1.,0.,0.));
#2632=DIRECTION('ref_axis',(0.,0.,-1.));
#2633=DIRECTION('center_axis',(0.,0.898794046299167,-0.438371146789077));
#2634=DIRECTION('ref_axis',(-1.,0.,0.));
#2635=DIRECTION('center_axis',(0.,0.898794046299167,-0.438371146789077));
#2636=DIRECTION('ref_axis',(-1.,0.,0.));
#2637=DIRECTION('center_axis',(0.,0.898794046299167,-0.438371146789077));
#2638=DIRECTION('ref_axis',(-1.,0.,0.));
#2639=DIRECTION('',(0.,-0.898794046299167,0.438371146789077));
#2640=DIRECTION('center_axis',(0.,0.898794046299167,-0.438371146789077));
#2641=DIRECTION('ref_axis',(-1.,0.,0.));
#2642=DIRECTION('center_axis',(0.,0.898794046299167,-0.438371146789077));
#2643=DIRECTION('ref_axis',(-1.,0.,0.));
#2644=DIRECTION('center_axis',(-1.,0.,0.));
#2645=DIRECTION('ref_axis',(0.,0.,1.));
#2646=DIRECTION('center_axis',(1.,0.,0.));
#2647=DIRECTION('ref_axis',(0.,0.,1.));
#2648=DIRECTION('center_axis',(0.,-0.766044443118979,0.642787609686539));
#2649=DIRECTION('ref_axis',(-1.,0.,0.));
#2650=DIRECTION('center_axis',(0.,-0.766044443118979,0.642787609686539));
#2651=DIRECTION('ref_axis',(-1.,0.,0.));
#2652=DIRECTION('center_axis',(0.,-0.766044443118979,0.642787609686539));
#2653=DIRECTION('ref_axis',(-1.,0.,0.));
#2654=DIRECTION('',(0.,0.766044443118979,-0.642787609686539));
#2655=DIRECTION('center_axis',(0.,-0.766044443118978,0.642787609686539));
#2656=DIRECTION('ref_axis',(-1.,0.,0.));
#2657=DIRECTION('center_axis',(0.,-0.766044443118978,0.642787609686539));
#2658=DIRECTION('ref_axis',(-1.,0.,0.));
#2659=DIRECTION('center_axis',(1.,0.,0.));
#2660=DIRECTION('ref_axis',(0.,0.,-1.));
#2661=DIRECTION('center_axis',(-1.,0.,0.));
#2662=DIRECTION('ref_axis',(0.,0.,-1.));
#2663=DIRECTION('center_axis',(0.,-0.104528463267654,0.994521895368273));
#2664=DIRECTION('ref_axis',(-1.,0.,0.));
#2665=DIRECTION('center_axis',(0.,-0.104528463267654,0.994521895368273));
#2666=DIRECTION('ref_axis',(-1.,0.,0.));
#2667=DIRECTION('center_axis',(0.,-0.104528463267654,0.994521895368273));
#2668=DIRECTION('ref_axis',(-1.,0.,0.));
#2669=DIRECTION('',(0.,0.104528463267654,-0.994521895368273));
#2670=DIRECTION('center_axis',(0.,0.104528463267654,-0.994521895368273));
#2671=DIRECTION('ref_axis',(-1.,0.,0.));
#2672=DIRECTION('center_axis',(0.,0.104528463267654,-0.994521895368273));
#2673=DIRECTION('ref_axis',(-1.,0.,0.));
#2674=DIRECTION('axis',(0.,0.,1.));
#2675=DIRECTION('refdir',(1.,0.,0.));
#2676=DIRECTION('center_axis',(0.,1.,0.));
#2677=DIRECTION('ref_axis',(1.,0.,0.));
#2678=DIRECTION('center_axis',(0.707106781186548,-0.707106781186548,0.));
#2679=DIRECTION('ref_axis',(0.707106781186547,0.707106781186547,0.));
#2680=DIRECTION('center_axis',(0.707106781186548,0.707106781186548,0.));
#2681=DIRECTION('ref_axis',(0.707106781186547,-0.707106781186547,0.));
#2682=DIRECTION('center_axis',(0.707106781186548,-0.707106781186548,0.));
#2683=DIRECTION('ref_axis',(0.707106781186547,0.707106781186547,0.));
#2684=DIRECTION('center_axis',(0.,1.,0.));
#2685=DIRECTION('ref_axis',(-1.,0.,1.22464679914735E-16));
#2686=DIRECTION('center_axis',(-0.707106781186548,0.707106781186548,0.));
#2687=DIRECTION('ref_axis',(0.707106781186547,0.707106781186547,0.));
#2688=DIRECTION('center_axis',(-0.707106781186548,-0.707106781186548,0.));
#2689=DIRECTION('ref_axis',(0.707106781186547,-0.707106781186547,0.));
#2690=DIRECTION('center_axis',(-0.707106781186548,-0.707106781186548,0.));
#2691=DIRECTION('ref_axis',(0.707106781186547,-0.707106781186547,0.));
#2692=DIRECTION('center_axis',(1.,0.,0.));
#2693=DIRECTION('ref_axis',(0.,-1.,0.));
#2694=DIRECTION('',(-1.,0.,0.));
#2695=DIRECTION('axis',(0.,0.,1.));
#2696=DIRECTION('refdir',(1.,0.,0.));
#2697=DIRECTION('center_axis',(0.,1.,0.));
#2698=DIRECTION('ref_axis',(0.,0.,1.));
#2699=DIRECTION('center_axis',(0.,1.,0.));
#2700=DIRECTION('ref_axis',(1.,0.,0.));
#2701=DIRECTION('center_axis',(0.,1.,0.));
#2702=DIRECTION('ref_axis',(1.,0.,0.));
#2703=DIRECTION('center_axis',(0.,1.,0.));
#2704=DIRECTION('ref_axis',(1.,0.,0.));
#2705=DIRECTION('center_axis',(0.,1.,0.));
#2706=DIRECTION('ref_axis',(1.,0.,0.));
#2707=DIRECTION('center_axis',(0.,-1.,0.));
#2708=DIRECTION('ref_axis',(0.,0.,-1.));
#2709=DIRECTION('center_axis',(0.,1.,0.));
#2710=DIRECTION('ref_axis',(1.,0.,0.));
#2711=DIRECTION('center_axis',(0.,1.,0.));
#2712=DIRECTION('ref_axis',(1.,0.,0.));
#2713=DIRECTION('center_axis',(0.,1.,0.));
#2714=DIRECTION('ref_axis',(1.,0.,0.));
#2715=DIRECTION('center_axis',(0.,1.,0.));
#2716=DIRECTION('ref_axis',(1.,0.,0.));
#2717=DIRECTION('center_axis',(-1.,0.,1.22464679914735E-16));
#2718=DIRECTION('ref_axis',(-1.22464679914735E-16,0.,-1.));
#2719=DIRECTION('center_axis',(0.,1.,0.));
#2720=DIRECTION('ref_axis',(0.,0.,1.));
#2721=DIRECTION('',(0.,-1.,0.));
#2722=DIRECTION('center_axis',(0.,1.,0.));
#2723=DIRECTION('ref_axis',(0.,0.,1.));
#2724=DIRECTION('center_axis',(0.,1.,0.));
#2725=DIRECTION('ref_axis',(1.,0.,0.));
#2726=DIRECTION('center_axis',(0.,1.,0.));
#2727=DIRECTION('ref_axis',(1.,0.,0.));
#2728=DIRECTION('',(0.,-1.,0.));
#2729=DIRECTION('center_axis',(0.,-1.,0.));
#2730=DIRECTION('ref_axis',(0.,0.,1.));
#2731=DIRECTION('',(-3.16961915143177E-17,-0.965925826289068,-0.258819045102521));
#2732=DIRECTION('axis',(0.,0.,1.));
#2733=DIRECTION('refdir',(1.,0.,0.));
#2734=DIRECTION('center_axis',(0.,1.,0.));
#2735=DIRECTION('ref_axis',(0.,0.,1.));
#2736=DIRECTION('center_axis',(0.,1.,0.));
#2737=DIRECTION('ref_axis',(1.,0.,0.));
#2738=DIRECTION('center_axis',(0.,1.,0.));
#2739=DIRECTION('ref_axis',(1.,0.,0.));
#2740=DIRECTION('center_axis',(0.,1.,0.));
#2741=DIRECTION('ref_axis',(1.,0.,0.));
#2742=DIRECTION('center_axis',(0.,1.,0.));
#2743=DIRECTION('ref_axis',(1.,0.,0.));
#2744=DIRECTION('center_axis',(0.,-1.,0.));
#2745=DIRECTION('ref_axis',(0.,0.,-1.));
#2746=DIRECTION('center_axis',(0.,1.,0.));
#2747=DIRECTION('ref_axis',(1.,0.,0.));
#2748=DIRECTION('center_axis',(0.,1.,0.));
#2749=DIRECTION('ref_axis',(1.,0.,0.));
#2750=DIRECTION('center_axis',(0.,1.,0.));
#2751=DIRECTION('ref_axis',(0.,0.,1.));
#2752=DIRECTION('center_axis',(0.,1.,0.));
#2753=DIRECTION('ref_axis',(1.,0.,0.));
#2754=DIRECTION('center_axis',(0.,1.,0.));
#2755=DIRECTION('ref_axis',(1.,0.,0.));
#2756=DIRECTION('center_axis',(-1.,0.,1.22464679914735E-16));
#2757=DIRECTION('ref_axis',(-1.22464679914735E-16,0.,-1.));
#2758=DIRECTION('center_axis',(0.,1.,0.));
#2759=DIRECTION('ref_axis',(0.,0.,1.));
#2760=DIRECTION('',(0.,-1.,0.));
#2761=DIRECTION('center_axis',(0.,1.,0.));
#2762=DIRECTION('ref_axis',(0.,0.,1.));
#2763=DIRECTION('center_axis',(0.,1.,0.));
#2764=DIRECTION('ref_axis',(1.,0.,0.));
#2765=DIRECTION('center_axis',(0.,1.,0.));
#2766=DIRECTION('ref_axis',(1.,0.,0.));
#2767=DIRECTION('',(0.,-1.,0.));
#2768=DIRECTION('center_axis',(0.,-1.,0.));
#2769=DIRECTION('ref_axis',(0.,0.,1.));
#2770=DIRECTION('',(-3.16961915143176E-17,-0.965925826289068,-0.258819045102521));
#2771=DIRECTION('',(2.462818923852E-18,-1.43855137374649E-15,-1.));
#2772=DIRECTION('',(-1.,2.16493489801906E-15,-2.46281892385511E-18));
#2773=DIRECTION('',(1.22356301601017E-27,-6.11834992507981E-16,-1.));
#2774=DIRECTION('',(-1.,-1.10450183589904E-15,-1.22288724313768E-27));
#2775=DIRECTION('',(-4.39296764724425E-15,4.60537777611275E-16,-1.));
#2776=DIRECTION('',(-1.,5.535886938374E-16,4.39296764724425E-15));
#2777=DIRECTION('',(-4.58867197943834E-15,4.2095568920624E-16,-1.));
#2778=DIRECTION('',(-1.,4.60090829583067E-16,4.58867197943834E-15));
#2779=DIRECTION('',(1.99718621511816E-15,-0.642787609685955,0.766044443119469));
#2780=DIRECTION('',(1.,-2.22044604925031E-16,-2.79345898946473E-15));
#2781=DIRECTION('',(0.371497181717846,7.07382237219628E-13,0.928434081653457));
#2782=DIRECTION('',(0.928434081653457,-2.83566323698089E-13,-0.371497181717846));
#2783=DIRECTION('',(0.708178496028126,5.38206813563559E-13,0.706033439550381));
#2784=DIRECTION('',(0.706033439550381,-5.4040691119975E-13,-0.708178496028126));
#2785=DIRECTION('',(2.11350676029069E-16,0.173648177666931,0.984807753012208));
#2786=DIRECTION('',(1.,-2.41574928123622E-15,2.11350676029069E-16));
#2787=DIRECTION('',(1.61783633398135E-16,0.173648177666931,0.984807753012208));
#2788=DIRECTION('',(1.,-1.84919539147147E-15,1.61783633398139E-16));
#2789=CARTESIAN_POINT('',(0.,0.,0.));
#2790=CARTESIAN_POINT('',(0.,0.,0.));
#2791=CARTESIAN_POINT('Origin',(-584.,464.31074487337,81.8705117540195));
#2792=CARTESIAN_POINT('',(-584.,-2.60472266500408,14.7721162951829));
#2793=CARTESIAN_POINT('Origin',(-584.,0.,-2.1316282072803E-13));
#2794=CARTESIAN_POINT('',(-584.,461.706022208366,96.6426280492027));
#2795=CARTESIAN_POINT('',(-584.,461.706022208366,96.6426280492027));
#2796=CARTESIAN_POINT('Origin',(-584.,464.31074487337,81.8705117540195));
#2797=CARTESIAN_POINT('Origin',(-584.,440.,219.743597175729));
#2798=CARTESIAN_POINT('',(-584.,565.,219.743597175729));
#2799=CARTESIAN_POINT('Origin',(-584.,440.,219.743597175729));
#2800=CARTESIAN_POINT('Origin',(-584.,580.,219.743597175729));
#2801=CARTESIAN_POINT('Origin',(-584.,580.,600.));
#2802=CARTESIAN_POINT('',(-584.,565.,600.));
#2803=CARTESIAN_POINT('',(-584.,565.,600.));
#2804=CARTESIAN_POINT('',(-569.,580.,600.));
#2805=CARTESIAN_POINT('Origin',(-584.,580.,600.));
#2806=CARTESIAN_POINT('Origin',(-584.,580.,600.));
#2807=CARTESIAN_POINT('Origin',(-464.,580.,600.));
#2808=CARTESIAN_POINT('',(-464.,580.,705.));
#2809=CARTESIAN_POINT('Origin',(-464.,580.,600.));
#2810=CARTESIAN_POINT('',(-464.,565.,720.));
#2811=CARTESIAN_POINT('Origin',(-464.,580.,720.));
#2812=CARTESIAN_POINT('Origin',(-464.,580.,720.));
#2813=CARTESIAN_POINT('Origin',(-584.,2.66453525910038E-14,-2.1316282072803E-13));
#2814=CARTESIAN_POINT('Origin',(0.,464.31074487337,81.8705117540195));
#2815=CARTESIAN_POINT('',(2.13053565656117E-15,-2.60472266500408,14.7721162951829));
#2816=CARTESIAN_POINT('Origin',(-2.32454375856815E-29,0.,-2.1316282072803E-13));
#2817=CARTESIAN_POINT('',(2.13053565656119E-15,461.706022208366,96.6426280492027));
#2818=CARTESIAN_POINT('',(2.93565457840166E-16,461.706022208366,96.6426280492027));
#2819=CARTESIAN_POINT('Origin',(0.,464.31074487337,81.8705117540195));
#2820=CARTESIAN_POINT('Origin',(0.,440.,219.743597175729));
#2821=CARTESIAN_POINT('',(2.13053565656119E-15,565.,219.743597175729));
#2822=CARTESIAN_POINT('Origin',(1.83697019872103E-15,440.,219.743597175729));
#2823=CARTESIAN_POINT('Origin',(0.,580.,219.743597175729));
#2824=CARTESIAN_POINT('Origin',(0.,580.,600.));
#2825=CARTESIAN_POINT('',(2.13053565656119E-15,565.,600.));
#2826=CARTESIAN_POINT('',(2.93565457840166E-16,565.,600.));
#2827=CARTESIAN_POINT('',(-15.,580.,600.));
#2828=CARTESIAN_POINT('Origin',(0.,580.,600.));
#2829=CARTESIAN_POINT('Origin',(0.,580.,600.));
#2830=CARTESIAN_POINT('Origin',(-120.,580.,600.));
#2831=CARTESIAN_POINT('',(-120.,580.,705.));
#2832=CARTESIAN_POINT('Origin',(-120.,580.,600.));
#2833=CARTESIAN_POINT('',(-120.,565.,720.));
#2834=CARTESIAN_POINT('Origin',(-120.,580.,720.));
#2835=CARTESIAN_POINT('Origin',(-120.,580.,720.));
#2836=CARTESIAN_POINT('Origin',(-292.,580.,720.));
#2837=CARTESIAN_POINT('',(-292.,565.,720.));
#2838=CARTESIAN_POINT('Origin',(-1.4210854715202E-13,2.66453525910038E-14,
-2.1316282072803E-13));
#2839=CARTESIAN_POINT('',(0.,0.,0.));
#2840=CARTESIAN_POINT('',(0.,0.,0.));
#2841=CARTESIAN_POINT('Origin',(-262.,-370.89105213521,-176.195434827192));
#2842=CARTESIAN_POINT('',(-509.037927704489,-378.664949255622,-171.33776477175));
#2843=CARTESIAN_POINT('',(-14.9620722955109,-378.664949255623,-171.33776477175));
#2844=CARTESIAN_POINT('',(-262.,-378.664949255593,-171.337764771768));
#2845=CARTESIAN_POINT('',(-509.,-377.751642547465,-171.90846214257));
#2846=CARTESIAN_POINT('Ctrl Pts',(-509.,-377.751642547466,-171.90846214257));
#2847=CARTESIAN_POINT('Ctrl Pts',(-509.,-378.047451413885,-171.723620247922));
#2848=CARTESIAN_POINT('Ctrl Pts',(-509.01202299319,-378.353481030551,-171.532391719691));
#2849=CARTESIAN_POINT('Ctrl Pts',(-509.037927704487,-378.664949255623,-171.33776477175));
#2850=CARTESIAN_POINT('',(-509.,-370.89105213521,-176.195434827192));
#2851=CARTESIAN_POINT('',(-509.,-294.08074970464,-224.191838726941));
#2852=CARTESIAN_POINT('',(-15.,-370.89105213521,-176.195434827192));
#2853=CARTESIAN_POINT('',(-262.,-370.89105213521,-176.195434827192));
#2854=CARTESIAN_POINT('',(-15.,-377.751642547465,-171.90846214257));
#2855=CARTESIAN_POINT('',(-15.0000000000001,-294.08074970464,-224.191838726941));
#2856=CARTESIAN_POINT('Ctrl Pts',(-14.9620722955133,-378.664949255623,-171.33776477175));
#2857=CARTESIAN_POINT('Ctrl Pts',(-14.9879758662868,-378.353494743759,-171.532383150727));
#2858=CARTESIAN_POINT('Ctrl Pts',(-15.,-378.047471097992,-171.723607947927));
#2859=CARTESIAN_POINT('Ctrl Pts',(-15.,-377.751642547466,-171.90846214257));
#2860=CARTESIAN_POINT('Origin',(-262.,-370.716160292095,-158.617043329422));
#2861=CARTESIAN_POINT('',(-509.037927704489,-362.767371328626,-145.896321887057));
#2862=CARTESIAN_POINT('',(-524.,-383.43688173444,-150.668254365925));
#2863=CARTESIAN_POINT('Ctrl Pts',(-524.,-383.43688173444,-150.668254365926));
#2864=CARTESIAN_POINT('Ctrl Pts',(-523.99475537732,-383.433910616238,-150.663499582878));
#2865=CARTESIAN_POINT('Ctrl Pts',(-523.989510757281,-383.430936831891,-150.658746465232));
#2866=CARTESIAN_POINT('Ctrl Pts',(-522.339859355482,-382.494720083313,-149.16421827935));
#2867=CARTESIAN_POINT('Ctrl Pts',(-520.688747193327,-381.29565131714,-147.832220441964));
#2868=CARTESIAN_POINT('Ctrl Pts',(-517.45357568293,-378.405564989616,-145.605860720396));
#2869=CARTESIAN_POINT('Ctrl Pts',(-515.855686683538,-376.686810557268,-144.713349181511));
#2870=CARTESIAN_POINT('Ctrl Pts',(-513.262924691536,-373.26232282778,-143.751944131231));
#2871=CARTESIAN_POINT('Ctrl Pts',(-512.203601528447,-371.619817590522,-143.545946448419));
#2872=CARTESIAN_POINT('Ctrl Pts',(-510.497118007047,-368.305164790939,-143.725798654994));
#2873=CARTESIAN_POINT('Ctrl Pts',(-509.832047033643,-366.652570655908,-144.072550697849));
#2874=CARTESIAN_POINT('Ctrl Pts',(-509.230440135852,-364.254953868951,-145.053745451647));
#2875=CARTESIAN_POINT('Ctrl Pts',(-509.098490461383,-363.495554483426,-145.441302551049));
#2876=CARTESIAN_POINT('Ctrl Pts',(-509.037927704487,-362.767371328627,-145.896321887057));
#2877=CARTESIAN_POINT('Ctrl Pts',(-509.037927704484,-378.664949255593,-171.337764771768));
#2878=CARTESIAN_POINT('Ctrl Pts',(-509.137069486757,-379.856991683798,-170.592893992208));
#2879=CARTESIAN_POINT('Ctrl Pts',(-509.426108036254,-380.911447816349,-169.701033431959));
#2880=CARTESIAN_POINT('Ctrl Pts',(-510.378195098646,-382.876761228804,-167.539834469692));
#2881=CARTESIAN_POINT('Ctrl Pts',(-511.086065283913,-383.704699184503,-166.258846758728));
#2882=CARTESIAN_POINT('Ctrl Pts',(-512.992124186505,-385.122047427767,-163.212833995249));
#2883=CARTESIAN_POINT('Ctrl Pts',(-514.273415935181,-385.55288453164,-161.424701496296));
#2884=CARTESIAN_POINT('Ctrl Pts',(-516.924545864444,-385.795560088703,-158.052966018526));
#2885=CARTESIAN_POINT('Ctrl Pts',(-518.298095722211,-385.640174887827,-156.448904401613));
#2886=CARTESIAN_POINT('Ctrl Pts',(-521.104726057424,-384.873986076498,-153.41995086377));
#2887=CARTESIAN_POINT('Ctrl Pts',(-522.548420027371,-384.258055010413,-151.98498187683));
#2888=CARTESIAN_POINT('Ctrl Pts',(-523.991737589005,-383.44156080053,-150.675746117699));
#2889=CARTESIAN_POINT('Ctrl Pts',(-523.99586879348,-383.439222094011,-150.671999724158));
#2890=CARTESIAN_POINT('Ctrl Pts',(-524.,-383.436881734439,-150.668254365925));
#2891=CARTESIAN_POINT('',(0.,-383.43688173444,-150.668254365925));
#2892=CARTESIAN_POINT('Ctrl Pts',(1.79496945673715E-14,-383.436881734439,
-150.668254365925));
#2893=CARTESIAN_POINT('Ctrl Pts',(-0.00413115149926009,-383.439222062841,
-150.671999674276));
#2894=CARTESIAN_POINT('Ctrl Pts',(-0.00826230096744516,-383.44156073817,
-150.675746017804));
#2895=CARTESIAN_POINT('Ctrl Pts',(-1.45165978487741,-384.258100182314,-151.985054275045));
#2896=CARTESIAN_POINT('Ctrl Pts',(-2.89543448730157,-384.874054611059,-153.420110408551));
#2897=CARTESIAN_POINT('Ctrl Pts',(-5.70221135175275,-385.64023414065,-156.449249444521));
#2898=CARTESIAN_POINT('Ctrl Pts',(-7.07582893079264,-385.795587863721,-158.053411076922));
#2899=CARTESIAN_POINT('Ctrl Pts',(-9.7269565711731,-385.552784932165,-161.425208604896));
#2900=CARTESIAN_POINT('Ctrl Pts',(-11.0081903209254,-385.121895919912,-163.213295437651));
#2901=CARTESIAN_POINT('Ctrl Pts',(-12.9141500423986,-383.704476596564,-166.259222086657));
#2902=CARTESIAN_POINT('Ctrl Pts',(-13.6219770490822,-382.876511999059,-167.540170454842));
#2903=CARTESIAN_POINT('Ctrl Pts',(-14.5739499873718,-380.911237946759,-169.701211654223));
#2904=CARTESIAN_POINT('Ctrl Pts',(-14.8629405556809,-379.856870937413,-170.592969442923));
#2905=CARTESIAN_POINT('Ctrl Pts',(-14.9620722955159,-378.664949255592,-171.337764771769));
#2906=CARTESIAN_POINT('',(-14.9620722955109,-362.767371328626,-145.896321887057));
#2907=CARTESIAN_POINT('Ctrl Pts',(-14.9620722955133,-362.767371328627,-145.896321887057));
#2908=CARTESIAN_POINT('Ctrl Pts',(-14.9015254994571,-363.495362576456,-145.441422467833));
#2909=CARTESIAN_POINT('Ctrl Pts',(-14.7696291831088,-364.254555897107,-145.053948292905));
#2910=CARTESIAN_POINT('Ctrl Pts',(-14.1681910892984,-366.651873987437,-144.072752920594));
#2911=CARTESIAN_POINT('Ctrl Pts',(-13.5032140410085,-368.304395960005,-143.725928065795));
#2912=CARTESIAN_POINT('Ctrl Pts',(-11.7969247573475,-371.618928286858,-143.545900577235));
#2913=CARTESIAN_POINT('Ctrl Pts',(-10.7377072531729,-373.261383778034,-143.751789497876));
#2914=CARTESIAN_POINT('Ctrl Pts',(-8.14496781714949,-376.686078665097,-144.713005282828));
#2915=CARTESIAN_POINT('Ctrl Pts',(-6.54695458445516,-378.405044439137,-145.605529012349));
#2916=CARTESIAN_POINT('Ctrl Pts',(-3.31152499858868,-381.29545374394,-147.832000811949));
#2917=CARTESIAN_POINT('Ctrl Pts',(-1.66027587594535,-382.4946433433,-149.164095759844));
#2918=CARTESIAN_POINT('Ctrl Pts',(-0.0104891983525882,-383.430936857047,
-150.65874650544));
#2919=CARTESIAN_POINT('Ctrl Pts',(-0.00524460051661892,-383.433910628793,
-150.66349960297));
#2920=CARTESIAN_POINT('Ctrl Pts',(1.70229283283649E-14,-383.436881734439,
-150.668254365925));
#2921=CARTESIAN_POINT('',(-262.,-362.767371328597,-145.896321887076));
#2922=CARTESIAN_POINT('Origin',(-262.,-303.487835933075,-110.460538741504));
#2923=CARTESIAN_POINT('',(15.,-317.583225244863,-115.590840891389));
#2924=CARTESIAN_POINT('',(2.24691321102845E-14,-308.61813808296,-96.3651494297154));
#2925=CARTESIAN_POINT('Origin',(7.105427357601E-14,-303.487835933075,-110.460538741504));
#2926=CARTESIAN_POINT('',(-15.,-289.392446621286,-105.330236591619));
#2927=CARTESIAN_POINT('Origin',(0.,-303.487835933075,-110.460538741504));
#2928=CARTESIAN_POINT('',(-509.,-289.392446621286,-105.330236591619));
#2929=CARTESIAN_POINT('',(-262.,-289.392446621286,-105.330236591619));
#2930=CARTESIAN_POINT('',(-524.,-308.61813808296,-96.3651494297154));
#2931=CARTESIAN_POINT('Origin',(-524.,-303.487835933075,-110.460538741504));
#2932=CARTESIAN_POINT('',(-539.,-317.583225244863,-115.590840891389));
#2933=CARTESIAN_POINT('Origin',(-524.,-303.487835933075,-110.460538741504));
#2934=CARTESIAN_POINT('',(-509.,-317.583225244864,-115.590840891389));
#2935=CARTESIAN_POINT('Ctrl Pts',(-509.,-317.583225244864,-115.590840891389));
#2936=CARTESIAN_POINT('Ctrl Pts',(-509.,-317.972102369327,-114.522409772984));
#2937=CARTESIAN_POINT('Ctrl Pts',(-509.129227414072,-318.235730794247,-113.419968291273));
#2938=CARTESIAN_POINT('Ctrl Pts',(-509.746793454114,-318.575043332656,-110.683893130652));
#2939=CARTESIAN_POINT('Ctrl Pts',(-510.355785662932,-318.501295823131,-109.106539214819));
#2940=CARTESIAN_POINT('Ctrl Pts',(-512.17737089082,-317.842350662784,-105.667838989258));
#2941=CARTESIAN_POINT('Ctrl Pts',(-513.507281921595,-317.094576415241,-103.917769767316));
#2942=CARTESIAN_POINT('Ctrl Pts',(-516.473578900508,-315.272908642134,-101.026569371646));
#2943=CARTESIAN_POINT('Ctrl Pts',(-518.006165061348,-314.268260339016,-99.9795861800031));
#2944=CARTESIAN_POINT('Ctrl Pts',(-520.226512777241,-313.083741594737,-98.9180501512654));
#2945=CARTESIAN_POINT('Ctrl Pts',(-521.08683267803,-312.675912879979,-98.5993112002528));
#2946=CARTESIAN_POINT('Ctrl Pts',(-522.637089332174,-312.218603419167,-98.2609342703003));
#2947=CARTESIAN_POINT('Ctrl Pts',(-523.303541114994,-312.103239854072,-98.1814990690349));
#2948=CARTESIAN_POINT('Ctrl Pts',(-524.,-312.103239854072,-98.1814990690349));
#2949=CARTESIAN_POINT('Ctrl Pts',(-524.495960389404,-312.103239854072,-98.1814990690349));
#2950=CARTESIAN_POINT('Ctrl Pts',(-524.979467488919,-312.161426428565,-98.221841114327));
#2951=CARTESIAN_POINT('Ctrl Pts',(-526.446356059842,-312.484836282382,-98.4552779842777));
#2952=CARTESIAN_POINT('Ctrl Pts',(-527.422546790815,-312.905825794176,-98.7652384448652));
#2953=CARTESIAN_POINT('Ctrl Pts',(-530.176098013836,-314.350572916212,-100.042741154766));
#2954=CARTESIAN_POINT('Ctrl Pts',(-532.096443548684,-315.653484803632,-101.405158421384));
#2955=CARTESIAN_POINT('Ctrl Pts',(-535.077652137094,-317.418748912979,-104.700036025109));
#2956=CARTESIAN_POINT('Ctrl Pts',(-536.152064959276,-317.981488199277,-106.231208015688));
#2957=CARTESIAN_POINT('Ctrl Pts',(-537.695592776283,-318.500837031566,-109.259368636447));
#2958=CARTESIAN_POINT('Ctrl Pts',(-538.237936523914,-318.558867330396,-110.683888944746));
#2959=CARTESIAN_POINT('Ctrl Pts',(-538.857171988646,-318.260405708867,-113.312340806132));
#2960=CARTESIAN_POINT('Ctrl Pts',(-539.,-317.992120407259,-114.467410665783));
#2961=CARTESIAN_POINT('Ctrl Pts',(-539.,-317.583225244864,-115.590840891389));
#2962=CARTESIAN_POINT('',(-15.,-317.583225244864,-115.590840891389));
#2963=CARTESIAN_POINT('',(-262.,-317.583225244864,-115.590840891389));
#2964=CARTESIAN_POINT('Ctrl Pts',(15.,-317.583225244864,-115.590840891389));
#2965=CARTESIAN_POINT('Ctrl Pts',(15.,-317.972102369327,-114.522409772984));
#2966=CARTESIAN_POINT('Ctrl Pts',(14.8707725859276,-318.235730794247,-113.419968291273));
#2967=CARTESIAN_POINT('Ctrl Pts',(14.2532065458858,-318.575043332656,-110.683893130652));
#2968=CARTESIAN_POINT('Ctrl Pts',(13.6442143370683,-318.501295823131,-109.106539214819));
#2969=CARTESIAN_POINT('Ctrl Pts',(11.8226291091797,-317.842350662784,-105.667838989258));
#2970=CARTESIAN_POINT('Ctrl Pts',(10.4927180784054,-317.094576415241,-103.917769767316));
#2971=CARTESIAN_POINT('Ctrl Pts',(7.52642109949186,-315.272908642134,-101.026569371645));
#2972=CARTESIAN_POINT('Ctrl Pts',(5.99383493865182,-314.268260339016,-99.9795861800029));
#2973=CARTESIAN_POINT('Ctrl Pts',(3.77348722275874,-313.083741594737,-98.9180501512655));
#2974=CARTESIAN_POINT('Ctrl Pts',(2.91316732197049,-312.675912879979,-98.5993112002528));
#2975=CARTESIAN_POINT('Ctrl Pts',(1.36291066782611,-312.218603419167,-98.2609342703003));
#2976=CARTESIAN_POINT('Ctrl Pts',(0.696458885006409,-312.103239854072,-98.1814990690349));
#2977=CARTESIAN_POINT('Ctrl Pts',(-2.16291486097099E-15,-312.103239854072,
-98.1814990690349));
#2978=CARTESIAN_POINT('Ctrl Pts',(-0.49596038940427,-312.103239854072,-98.1814990690349));
#2979=CARTESIAN_POINT('Ctrl Pts',(-0.979467488918644,-312.161426428565,
-98.221841114327));
#2980=CARTESIAN_POINT('Ctrl Pts',(-2.44635605984077,-312.484836282381,-98.4552779842775));
#2981=CARTESIAN_POINT('Ctrl Pts',(-3.42254679081357,-312.905825794176,-98.7652384448647));
#2982=CARTESIAN_POINT('Ctrl Pts',(-6.17609801383612,-314.350572916212,-100.042741154766));
#2983=CARTESIAN_POINT('Ctrl Pts',(-8.09644354868429,-315.653484803632,-101.405158421384));
#2984=CARTESIAN_POINT('Ctrl Pts',(-11.0776521370941,-317.418748912979,-104.700036025109));
#2985=CARTESIAN_POINT('Ctrl Pts',(-12.1520649592762,-317.981488199277,-106.231208015688));
#2986=CARTESIAN_POINT('Ctrl Pts',(-13.6955927762829,-318.500837031566,-109.259368636447));
#2987=CARTESIAN_POINT('Ctrl Pts',(-14.2379365239139,-318.558867330396,-110.683888944746));
#2988=CARTESIAN_POINT('Ctrl Pts',(-14.8571719886463,-318.260405708867,-113.312340806132));
#2989=CARTESIAN_POINT('Ctrl Pts',(-15.,-317.992120407259,-114.467410665783));
#2990=CARTESIAN_POINT('Ctrl Pts',(-15.,-317.583225244864,-115.590840891389));
#2991=CARTESIAN_POINT('Origin',(-524.,-61.0800203510841,-22.2313093161685));
#2992=CARTESIAN_POINT('',(-509.,-61.0800203510841,-22.2313093161685));
#2993=CARTESIAN_POINT('',(-509.,-61.0800203510841,-22.2313093161685));
#2994=CARTESIAN_POINT('',(-522.,-55.9955253874369,-36.2008444181197));
#2995=CARTESIAN_POINT('Origin',(-524.,-61.0800203510841,-22.2313093161685));
#2996=CARTESIAN_POINT('',(-522.,-312.498730281216,-129.56037599334));
#2997=CARTESIAN_POINT('',(-522.,-55.9955253874369,-36.2008444181197));
#2998=CARTESIAN_POINT('Origin',(-524.,-317.583225244864,-115.590840891389));
#2999=CARTESIAN_POINT('Origin',(-262.,-374.689917533496,-138.446288166911));
#3000=CARTESIAN_POINT('',(-15.,-361.854064620469,-146.467019257878));
#3001=CARTESIAN_POINT('Ctrl Pts',(-15.,-361.854064620469,-146.467019257878));
#3002=CARTESIAN_POINT('Ctrl Pts',(-15.,-362.149893170996,-146.282165063234));
#3003=CARTESIAN_POINT('Ctrl Pts',(-14.9879758662868,-362.455916816763,-146.090940266034));
#3004=CARTESIAN_POINT('Ctrl Pts',(-14.9620722955133,-362.767371328627,-145.896321887057));
#3005=CARTESIAN_POINT('',(-15.,-354.993474208214,-150.753991942499));
#3006=CARTESIAN_POINT('',(-15.,-288.031393440286,-192.596543954454));
#3007=CARTESIAN_POINT('',(-509.,-354.993474208214,-150.753991942499));
#3008=CARTESIAN_POINT('',(-262.,-354.993474208214,-150.753991942499));
#3009=CARTESIAN_POINT('',(-509.,-361.854064620469,-146.467019257878));
#3010=CARTESIAN_POINT('',(-509.,-288.031393440286,-192.596543954454));
#3011=CARTESIAN_POINT('Ctrl Pts',(-509.037927704487,-362.767371328627,-145.896321887057));
#3012=CARTESIAN_POINT('Ctrl Pts',(-509.012024133713,-362.455916816763,-146.090940266034));
#3013=CARTESIAN_POINT('Ctrl Pts',(-509.,-362.149893170996,-146.282165063234));
#3014=CARTESIAN_POINT('Ctrl Pts',(-509.,-361.854064620469,-146.467019257878));
#3015=CARTESIAN_POINT('Origin',(-509.,-61.0800203510841,-22.2313093161685));
#3016=CARTESIAN_POINT('',(-509.,-386.095909209337,-225.234054717013));
#3017=CARTESIAN_POINT('Origin',(-509.,-281.671110195668,-214.258566073909));
#3018=CARTESIAN_POINT('',(-509.,-347.110449943299,-596.155922589346));
#3019=CARTESIAN_POINT('',(-509.,-386.095909209337,-225.234054717013));
#3020=CARTESIAN_POINT('',(-509.,-339.154274780353,-595.319694883205));
#3021=CARTESIAN_POINT('',(-509.,-347.110449943299,-596.155922589346));
#3022=CARTESIAN_POINT('',(-509.,-378.139734046391,-224.397827010872));
#3023=CARTESIAN_POINT('',(-509.,-378.139734046391,-224.397827010872));
#3024=CARTESIAN_POINT('Origin',(-509.,-281.671110195668,-214.258566073909));
#3025=CARTESIAN_POINT('Origin',(-509.,-61.0800203510841,-22.2313093161685));
#3026=CARTESIAN_POINT('',(-509.,-314.847064098258,-123.108381857676));
#3027=CARTESIAN_POINT('Origin',(-509.,-281.671110195668,-214.258566073909));
#3028=CARTESIAN_POINT('',(-509.,-316.215144671561,-119.349611374533));
#3029=CARTESIAN_POINT('Origin',(-509.,-281.671110195668,-214.258566073909));
#3030=CARTESIAN_POINT('Origin',(1.6736062860632E-14,-281.671110195668,-214.258566073909));
#3031=CARTESIAN_POINT('',(-15.,-386.095909209337,-225.234054717013));
#3032=CARTESIAN_POINT('Origin',(-15.,-281.671110195668,-214.258566073909));
#3033=CARTESIAN_POINT('',(-1.99999999999997,-371.311278342078,-223.680127396025));
#3034=CARTESIAN_POINT('Origin',(3.22055410736818E-14,-386.095909209337,
-225.234054717013));
#3035=CARTESIAN_POINT('',(-1.99999999999998,-312.498730281216,-129.56037599334));
#3036=CARTESIAN_POINT('Origin',(-1.99999999999997,-281.671110195668,-214.258566073909));
#3037=CARTESIAN_POINT('Origin',(2.27116025872657E-14,-317.583225244864,
-115.590840891389));
#3038=CARTESIAN_POINT('Origin',(-15.,-281.671110195668,-214.258566073909));
#3039=CARTESIAN_POINT('Origin',(-15.,-61.0800203510841,-22.2313093161685));
#3040=CARTESIAN_POINT('',(-15.,-314.847064098258,-123.108381857676));
#3041=CARTESIAN_POINT('',(-15.,-316.215144671561,-119.349611374533));
#3042=CARTESIAN_POINT('Origin',(-15.,-281.671110195668,-214.258566073909));
#3043=CARTESIAN_POINT('Origin',(-15.,-61.0800203510841,-22.2313093161685));
#3044=CARTESIAN_POINT('',(-15.,-378.139734046391,-224.397827010872));
#3045=CARTESIAN_POINT('Origin',(-15.,-281.671110195668,-214.258566073909));
#3046=CARTESIAN_POINT('',(-15.,-339.154274780353,-595.319694883205));
#3047=CARTESIAN_POINT('',(-15.,-378.139734046391,-224.397827010872));
#3048=CARTESIAN_POINT('',(-15.,-347.110449943299,-596.155922589346));
#3049=CARTESIAN_POINT('',(-15.,-347.110449943299,-596.155922589346));
#3050=CARTESIAN_POINT('',(-15.,-386.095909209337,-225.234054717013));
#3051=CARTESIAN_POINT('Origin',(-262.,-314.847064098258,-123.108381857676));
#3052=CARTESIAN_POINT('',(-262.,-314.847064098258,-123.108381857676));
#3053=CARTESIAN_POINT('Origin',(-262.,-294.522748771171,-91.2348472798304));
#3054=CARTESIAN_POINT('',(-15.,-286.656285474681,-112.847777557906));
#3055=CARTESIAN_POINT('',(-15.,-291.957597696229,-98.2825419357249));
#3056=CARTESIAN_POINT('',(-509.,-286.656285474681,-112.847777557906));
#3057=CARTESIAN_POINT('',(-262.,-286.656285474681,-112.847777557906));
#3058=CARTESIAN_POINT('',(-509.,-291.957597696229,-98.2825419357249));
#3059=CARTESIAN_POINT('Origin',(-15.,-61.0800203510841,-22.2313093161685));
#3060=CARTESIAN_POINT('',(-15.,-61.0800203510841,-22.2313093161685));
#3061=CARTESIAN_POINT('',(-15.,-61.0800203510841,-22.2313093161685));
#3062=CARTESIAN_POINT('',(-15.,-58.3438592044787,-29.7488502824557));
#3063=CARTESIAN_POINT('',(-15.,-61.0800203510841,-22.2313093161685));
#3064=CARTESIAN_POINT('',(-15.,-58.3438592044787,-29.7488502824557));
#3065=CARTESIAN_POINT('Origin',(1.82992055216688E-14,-61.0800203510841,
-22.2313093161685));
#3066=CARTESIAN_POINT('',(-1.99999999999998,-55.9955253874369,-36.2008444181197));
#3067=CARTESIAN_POINT('',(-1.99999999999998,-55.9955253874369,-36.2008444181197));
#3068=CARTESIAN_POINT('Origin',(1.82992055216688E-14,-61.0800203510841,
-22.2313093161685));
#3069=CARTESIAN_POINT('Origin',(-262.,-11.3592281651833,-12.6478431161723));
#3070=CARTESIAN_POINT('',(-522.,-314.847064098258,-123.108381857676));
#3071=CARTESIAN_POINT('',(-509.,-314.847064098258,-123.108381857676));
#3072=CARTESIAN_POINT('',(-522.,-58.3438592044787,-29.7488502824557));
#3073=CARTESIAN_POINT('',(-522.,-58.3438592044787,-29.7488502824557));
#3074=CARTESIAN_POINT('',(-459.,0.856775905033534,-8.20158125293861));
#3075=CARTESIAN_POINT('Origin',(-459.,-58.3438592044787,-29.7488502824557));
#3076=CARTESIAN_POINT('',(-65.,0.856775905033534,-8.20158125293861));
#3077=CARTESIAN_POINT('',(-262.,0.856775905033534,-8.20158125293861));
#3078=CARTESIAN_POINT('',(-1.99999999999998,-58.3438592044787,-29.7488502824557));
#3079=CARTESIAN_POINT('Origin',(-65.,-58.3438592044787,-29.7488502824557));
#3080=CARTESIAN_POINT('',(-1.99999999999998,-314.847064098258,-123.108381857676));
#3081=CARTESIAN_POINT('',(-1.99999999999998,-58.3438592044787,-29.7488502824557));
#3082=CARTESIAN_POINT('',(-15.,-314.847064098258,-123.108381857676));
#3083=CARTESIAN_POINT('',(-65.,-11.3592281651833,-12.6478431161723));
#3084=CARTESIAN_POINT('Origin',(-65.,-58.3438592044787,-29.7488502824557));
#3085=CARTESIAN_POINT('',(-459.,-11.3592281651833,-12.6478431161723));
#3086=CARTESIAN_POINT('',(-262.,-11.3592281651833,-12.6478431161723));
#3087=CARTESIAN_POINT('',(-509.,-58.3438592044787,-29.7488502824557));
#3088=CARTESIAN_POINT('Origin',(-459.,-58.3438592044787,-29.7488502824557));
#3089=CARTESIAN_POINT('',(-509.,-58.3438592044787,-29.7488502824557));
#3090=CARTESIAN_POINT('Origin',(-459.,-343.132362361826,-595.737808736274));
#3091=CARTESIAN_POINT('',(-458.999999999999,-341.884026779916,-645.882017357759));
#3092=CARTESIAN_POINT('Origin',(-459.,-347.110449943299,-596.155922589345));
#3093=CARTESIAN_POINT('',(-458.999999999999,-333.92785161697,-645.045789651617));
#3094=CARTESIAN_POINT('',(-458.999999999999,-341.884026779916,-645.882017357759));
#3095=CARTESIAN_POINT('Origin',(-459.,-339.154274780353,-595.319694883204));
#3096=CARTESIAN_POINT('Origin',(-459.,-347.110449943299,-596.155922589345));
#3097=CARTESIAN_POINT('',(-522.,-332.325819076041,-594.601995268357));
#3098=CARTESIAN_POINT('Origin',(-524.,-347.110449943299,-596.155922589346));
#3099=CARTESIAN_POINT('',(-458.999999999999,-325.740525890179,-657.256874676558));
#3100=CARTESIAN_POINT('Origin',(-459.,-332.325819076041,-594.601995268357));
#3101=CARTESIAN_POINT('Origin',(-458.999999999999,-340.316099830902,-660.799845788283));
#3102=CARTESIAN_POINT('Origin',(-459.,-335.740046928197,-594.96084507578));
#3103=CARTESIAN_POINT('',(-522.,-339.154274780353,-595.319694883205));
#3104=CARTESIAN_POINT('',(-522.,-339.154274780353,-595.319694883205));
#3105=CARTESIAN_POINT('',(-458.999999999999,-332.568981594491,-657.974574291405));
#3106=CARTESIAN_POINT('Origin',(-459.,-339.154274780353,-595.319694883204));
#3107=CARTESIAN_POINT('',(-458.999999999999,-332.568981594491,-657.974574291405));
#3108=CARTESIAN_POINT('Origin',(-524.,-386.095909209337,-225.234054717013));
#3109=CARTESIAN_POINT('',(-522.,-371.311278342078,-223.680127396025));
#3110=CARTESIAN_POINT('Origin',(-524.,-386.095909209337,-225.234054717013));
#3111=CARTESIAN_POINT('',(-522.,-371.311278342078,-223.680127396025));
#3112=CARTESIAN_POINT('Origin',(-515.5,-281.671110195668,-214.258566073909));
#3113=CARTESIAN_POINT('',(-522.,-378.139734046391,-224.397827010872));
#3114=CARTESIAN_POINT('',(-509.,-378.139734046391,-224.397827010872));
#3115=CARTESIAN_POINT('Origin',(-522.,-281.671110195668,-214.258566073909));
#3116=CARTESIAN_POINT('',(-1.99999999999997,-378.139734046391,-224.397827010872));
#3117=CARTESIAN_POINT('Origin',(-1.99999999999996,-281.671110195668,-214.258566073909));
#3118=CARTESIAN_POINT('',(-15.,-378.139734046391,-224.397827010872));
#3119=CARTESIAN_POINT('Origin',(-524.,-281.671110195668,-214.258566073909));
#3120=CARTESIAN_POINT('Origin',(-522.,-281.671110195668,-214.258566073909));
#3121=CARTESIAN_POINT('Origin',(-509.,-61.0800203510841,-22.2313093161685));
#3122=CARTESIAN_POINT('',(-509.,-61.0800203510841,-22.2313093161685));
#3123=CARTESIAN_POINT('Origin',(-522.,-58.3438592044787,-29.7488502824557));
#3124=CARTESIAN_POINT('',(-522.,-58.3438592044787,-29.7488502824557));
#3125=CARTESIAN_POINT('',(-522.,-378.139734046391,-224.397827010872));
#3126=CARTESIAN_POINT('Origin',(-459.,-59.7119397777814,-25.9900797993121));
#3127=CARTESIAN_POINT('',(-459.,-14.0953893117886,-5.13030214988503));
#3128=CARTESIAN_POINT('',(-459.,-14.0953893117886,-5.13030214988503));
#3129=CARTESIAN_POINT('Origin',(-459.,-61.0800203510841,-22.2313093161685));
#3130=CARTESIAN_POINT('Origin',(-459.,-61.0800203510841,-22.2313093161685));
#3131=CARTESIAN_POINT('',(-459.,3.2051097220753,-14.6535753886026));
#3132=CARTESIAN_POINT('Origin',(-459.,0.,0.));
#3133=CARTESIAN_POINT('Origin',(-459.,-55.9955253874369,-36.2008444181197));
#3134=CARTESIAN_POINT('Origin',(-459.,-57.1696922959578,-32.9748473502877));
#3135=CARTESIAN_POINT('',(-459.,0.856775905033534,-8.20158125293861));
#3136=CARTESIAN_POINT('Origin',(-65.0000000000007,-341.884026779916,-645.882017357759));
#3137=CARTESIAN_POINT('',(-65.0000000000008,-341.884026779916,-645.882017357759));
#3138=CARTESIAN_POINT('',(-65.0000000000008,-333.92785161697,-645.045789651617));
#3139=CARTESIAN_POINT('',(-65.0000000000007,-341.884026779916,-645.882017357759));
#3140=CARTESIAN_POINT('',(-65.0000000000008,-333.92785161697,-645.045789651617));
#3141=CARTESIAN_POINT('',(-65.0000000000008,-341.884026779916,-645.882017357759));
#3142=CARTESIAN_POINT('Origin',(-65.0000000000007,-340.316099830902,-660.799845788283));
#3143=CARTESIAN_POINT('',(-65.0000000000008,-325.740525890179,-657.256874676558));
#3144=CARTESIAN_POINT('Origin',(-65.0000000000007,-340.316099830902,-660.799845788283));
#3145=CARTESIAN_POINT('',(-65.0000000000008,-325.740525890179,-657.256874676558));
#3146=CARTESIAN_POINT('Origin',(-65.0000000000008,-332.568981594491,-657.974574291405));
#3147=CARTESIAN_POINT('',(-65.0000000000008,-332.568981594491,-657.974574291405));
#3148=CARTESIAN_POINT('',(-65.0000000000008,-332.568981594491,-657.974574291405));
#3149=CARTESIAN_POINT('',(-65.0000000000008,-332.568981594491,-657.974574291405));
#3150=CARTESIAN_POINT('Origin',(-65.,-343.132362361826,-595.737808736274));
#3151=CARTESIAN_POINT('Origin',(-65.0000000000001,-339.154274780353,-595.319694883204));
#3152=CARTESIAN_POINT('Origin',(-65.0000000000001,-347.110449943299,-596.155922589345));
#3153=CARTESIAN_POINT('Origin',(-65.,-347.110449943299,-596.155922589345));
#3154=CARTESIAN_POINT('',(-1.99999999999997,-332.325819076041,-594.601995268357));
#3155=CARTESIAN_POINT('Origin',(3.16360786211513E-14,-347.110449943299,
-596.155922589346));
#3156=CARTESIAN_POINT('Origin',(-65.0000000000001,-332.325819076041,-594.601995268357));
#3157=CARTESIAN_POINT('Origin',(-65.,-335.740046928197,-594.96084507578));
#3158=CARTESIAN_POINT('',(-1.99999999999997,-339.154274780353,-595.319694883205));
#3159=CARTESIAN_POINT('',(-1.99999999999997,-339.154274780353,-595.319694883205));
#3160=CARTESIAN_POINT('Origin',(-65.,-339.154274780353,-595.319694883204));
#3161=CARTESIAN_POINT('Origin',(-15.,-378.139734046391,-224.397827010872));
#3162=CARTESIAN_POINT('',(-1.99999999999997,-378.139734046391,-224.397827010872));
#3163=CARTESIAN_POINT('Origin',(3.22055410736818E-14,-386.095909209337,
-225.234054717013));
#3164=CARTESIAN_POINT('',(-1.99999999999997,-371.311278342078,-223.680127396025));
#3165=CARTESIAN_POINT('Origin',(-1.99999999999998,-58.3438592044787,-29.7488502824557));
#3166=CARTESIAN_POINT('',(-1.99999999999998,-58.3438592044787,-29.7488502824557));
#3167=CARTESIAN_POINT('Origin',(-65.,-59.7119397777814,-25.9900797993121));
#3168=CARTESIAN_POINT('',(-65.,-14.0953893117886,-5.13030214988503));
#3169=CARTESIAN_POINT('',(-65.,-14.0953893117886,-5.13030214988503));
#3170=CARTESIAN_POINT('Origin',(-65.,-61.0800203510841,-22.2313093161685));
#3171=CARTESIAN_POINT('Origin',(-65.,-61.0800203510841,-22.2313093161685));
#3172=CARTESIAN_POINT('',(-65.,3.2051097220753,-14.6535753886026));
#3173=CARTESIAN_POINT('Origin',(-65.,0.,0.));
#3174=CARTESIAN_POINT('Origin',(-65.,-55.9955253874369,-36.2008444181197));
#3175=CARTESIAN_POINT('Origin',(-65.,-57.1696922959578,-32.9748473502877));
#3176=CARTESIAN_POINT('',(-65.,0.856775905033534,-8.20158125293861));
#3177=CARTESIAN_POINT('Origin',(-262.,-14.0953893117886,-5.13030214988503));
#3178=CARTESIAN_POINT('',(-262.,-14.0953893117886,-5.13030214988503));
#3179=CARTESIAN_POINT('Origin',(-262.,0.,0.));
#3180=CARTESIAN_POINT('',(-262.,3.2051097220753,-14.6535753886026));
#3181=CARTESIAN_POINT('Origin',(-262.,0.856775905033534,-8.20158125293861));
#3182=CARTESIAN_POINT('',(0.,0.,0.));
#3183=CARTESIAN_POINT('Ctrl Pts',(-459.,-322.623762640808,-656.929289658729));
#3184=CARTESIAN_POINT('Ctrl Pts',(-522.,-322.623762640808,-656.929289658729));
#3185=CARTESIAN_POINT('Ctrl Pts',(-522.,-329.20905582667,-594.274410250527));
#3186=CARTESIAN_POINT('Ctrl Pts',(-459.,-282.842886826077,-652.748151128023));
#3187=CARTESIAN_POINT('Ctrl Pts',(-522.,-282.842886826077,-652.748151128023));
#3188=CARTESIAN_POINT('Ctrl Pts',(-522.,-289.428180011939,-590.093271719821));
#3189=CARTESIAN_POINT('Ctrl Pts',(-459.,-287.024025356783,-612.967275313291));
#3190=CARTESIAN_POINT('Ctrl Pts',(-482.,-287.024025356783,-612.967275313291));
#3191=CARTESIAN_POINT('Ctrl Pts',(-482.,-289.428180011939,-590.093271719821));
#3192=CARTESIAN_POINT('',(-459.,-287.024025356783,-612.967275313292));
#3193=CARTESIAN_POINT('',(-459.,-322.623762640808,-656.929289658729));
#3194=CARTESIAN_POINT('Origin',(-459.,-326.804901171514,-617.148413843998));
#3195=CARTESIAN_POINT('',(-522.,-329.20905582667,-594.274410250527));
#3196=CARTESIAN_POINT('Origin',(-459.,-329.20905582667,-594.274410250527));
#3197=CARTESIAN_POINT('',(-482.,-289.428180011939,-590.093271719821));
#3198=CARTESIAN_POINT('Origin',(-482.,-329.20905582667,-594.274410250527));
#3199=CARTESIAN_POINT('Origin',(-459.,-289.428180011939,-590.093271719821));
#3200=CARTESIAN_POINT('Origin',(-482.,-374.029299744844,-167.838274685869));
#3201=CARTESIAN_POINT('',(-522.,-368.194515092708,-223.352542378196));
#3202=CARTESIAN_POINT('',(-482.,-328.413639277977,-219.17140384749));
#3203=CARTESIAN_POINT('Origin',(-482.,-368.194515092708,-223.352542378196));
#3204=CARTESIAN_POINT('',(-482.,-334.248423930113,-163.657136155163));
#3205=CARTESIAN_POINT('',(-522.,-374.029299744844,-167.838274685869));
#3206=CARTESIAN_POINT('Origin',(-482.,-281.671110195668,-214.258566073909));
#3207=CARTESIAN_POINT('',(-522.,-311.426862665002,-132.505308065536));
#3208=CARTESIAN_POINT('',(-482.,-297.746056931975,-170.093012896972));
#3209=CARTESIAN_POINT('Origin',(-482.,-311.426862665002,-132.505308065536));
#3210=CARTESIAN_POINT('Origin',(-482.,-281.671110195668,-214.258566073909));
#3211=CARTESIAN_POINT('Origin',(-522.,-281.671110195668,-214.258566073909));
#3212=CARTESIAN_POINT('Origin',(-482.,-31.4313422515743,-30.5952729071731));
#3213=CARTESIAN_POINT('',(-522.,-54.923657771222,-39.1457764903148));
#3214=CARTESIAN_POINT('',(-482.,-41.2428520381953,-76.7334813217512));
#3215=CARTESIAN_POINT('Origin',(-482.,-54.923657771222,-39.1457764903148));
#3216=CARTESIAN_POINT('',(-482.,-17.7505365185476,-68.1829777386095));
#3217=CARTESIAN_POINT('',(-522.,-31.4313422515743,-30.5952729071731));
#3218=CARTESIAN_POINT('Ctrl Pts',(-522.,-54.923657771222,-39.1457764903148));
#3219=CARTESIAN_POINT('Ctrl Pts',(-522.,4.27697733829018,-17.5985074607977));
#3220=CARTESIAN_POINT('Ctrl Pts',(-459.,4.27697733829018,-17.5985074607977));
#3221=CARTESIAN_POINT('Ctrl Pts',(-522.,-41.2428520381953,-76.7334813217512));
#3222=CARTESIAN_POINT('Ctrl Pts',(-522.,17.957783071317,-55.1862122922341));
#3223=CARTESIAN_POINT('Ctrl Pts',(-459.,17.957783071317,-55.1862122922341));
#3224=CARTESIAN_POINT('Ctrl Pts',(-482.,-41.2428520381953,-76.7334813217512));
#3225=CARTESIAN_POINT('Ctrl Pts',(-482.,-19.6299217601194,-68.8670180252608));
#3226=CARTESIAN_POINT('Ctrl Pts',(-459.,-19.6299217601194,-68.8670180252608));
#3227=CARTESIAN_POINT('',(-459.,4.27697733829024,-17.5985074607977));
#3228=CARTESIAN_POINT('',(-459.,-19.6299217601194,-68.8670180252608));
#3229=CARTESIAN_POINT('Origin',(-459.,-33.3107274931461,-31.2793131938245));
#3230=CARTESIAN_POINT('Origin',(-459.,-41.2428520381953,-76.7334813217512));
#3231=CARTESIAN_POINT('Origin',(-459.,-54.923657771222,-39.1457764903149));
#3232=CARTESIAN_POINT('Origin',(-262.,-33.3107274931461,-31.2793131938244));
#3233=CARTESIAN_POINT('',(-65.,4.27697733829023,-17.5985074607977));
#3234=CARTESIAN_POINT('',(-65.,-19.6299217601194,-68.8670180252608));
#3235=CARTESIAN_POINT('Origin',(-65.,-33.3107274931461,-31.2793131938244));
#3236=CARTESIAN_POINT('',(-262.,-19.6299217601194,-68.8670180252608));
#3237=CARTESIAN_POINT('',(-262.,4.27697733829022,-17.5985074607977));
#3238=CARTESIAN_POINT('Ctrl Pts',(-42.,-41.2428520381953,-76.7334813217512));
#3239=CARTESIAN_POINT('Ctrl Pts',(-42.,-19.6299217601194,-68.8670180252608));
#3240=CARTESIAN_POINT('Ctrl Pts',(-65.,-19.6299217601194,-68.8670180252608));
#3241=CARTESIAN_POINT('Ctrl Pts',(-1.99999999999995,-41.2428520381953,-76.7334813217512));
#3242=CARTESIAN_POINT('Ctrl Pts',(-1.99999999999993,17.957783071317,-55.1862122922341));
#3243=CARTESIAN_POINT('Ctrl Pts',(-65.,17.957783071317,-55.1862122922341));
#3244=CARTESIAN_POINT('Ctrl Pts',(-1.99999999999999,-54.923657771222,-39.1457764903148));
#3245=CARTESIAN_POINT('Ctrl Pts',(-1.99999999999998,4.27697733829022,-17.5985074607977));
#3246=CARTESIAN_POINT('Ctrl Pts',(-65.,4.27697733829021,-17.5985074607977));
#3247=CARTESIAN_POINT('',(-1.99999999999998,-54.923657771222,-39.1457764903149));
#3248=CARTESIAN_POINT('',(-42.,-41.2428520381953,-76.7334813217512));
#3249=CARTESIAN_POINT('Origin',(-42.,-54.923657771222,-39.1457764903149));
#3250=CARTESIAN_POINT('Origin',(-65.,-41.2428520381953,-76.7334813217512));
#3251=CARTESIAN_POINT('Origin',(-65.,-54.923657771222,-39.1457764903149));
#3252=CARTESIAN_POINT('Origin',(-42.,-31.4313422515743,-30.5952729071731));
#3253=CARTESIAN_POINT('',(-1.99999999999998,-311.426862665002,-132.505308065535));
#3254=CARTESIAN_POINT('',(-42.,-297.746056931975,-170.093012896972));
#3255=CARTESIAN_POINT('Origin',(-42.,-311.426862665002,-132.505308065535));
#3256=CARTESIAN_POINT('',(-42.,-17.7505365185476,-68.1829777386095));
#3257=CARTESIAN_POINT('',(-1.99999999999998,-31.4313422515743,-30.5952729071731));
#3258=CARTESIAN_POINT('Origin',(-42.,-281.671110195668,-214.258566073909));
#3259=CARTESIAN_POINT('',(-1.99999999999999,-368.194515092708,-223.352542378196));
#3260=CARTESIAN_POINT('',(-42.,-328.413639277977,-219.17140384749));
#3261=CARTESIAN_POINT('Origin',(-42.,-368.194515092708,-223.352542378196));
#3262=CARTESIAN_POINT('Origin',(-42.,-281.671110195668,-214.258566073909));
#3263=CARTESIAN_POINT('Origin',(-2.,-281.671110195668,-214.258566073909));
#3264=CARTESIAN_POINT('Origin',(-42.,-374.029299744844,-167.838274685869));
#3265=CARTESIAN_POINT('',(-2.0000000000001,-329.20905582667,-594.274410250527));
#3266=CARTESIAN_POINT('',(-42.0000000000001,-289.428180011939,-590.093271719821));
#3267=CARTESIAN_POINT('Origin',(-42.0000000000001,-329.20905582667,-594.274410250527));
#3268=CARTESIAN_POINT('',(-42.,-334.248423930113,-163.657136155163));
#3269=CARTESIAN_POINT('',(-1.99999999999998,-374.029299744844,-167.838274685869));
#3270=CARTESIAN_POINT('Ctrl Pts',(-65.0000000000001,-287.024025356783,-612.967275313292));
#3271=CARTESIAN_POINT('Ctrl Pts',(-42.,-287.024025356783,-612.967275313292));
#3272=CARTESIAN_POINT('Ctrl Pts',(-42.0000000000001,-289.428180011939,-590.093271719821));
#3273=CARTESIAN_POINT('Ctrl Pts',(-65.0000000000001,-282.842886826077,-652.748151128023));
#3274=CARTESIAN_POINT('Ctrl Pts',(-1.9999999999997,-282.842886826077,-652.748151128023));
#3275=CARTESIAN_POINT('Ctrl Pts',(-1.99999999999982,-289.428180011939,-590.093271719821));
#3276=CARTESIAN_POINT('Ctrl Pts',(-65.0000000000001,-322.623762640808,-656.929289658729));
#3277=CARTESIAN_POINT('Ctrl Pts',(-1.9999999999999,-322.623762640808,-656.929289658729));
#3278=CARTESIAN_POINT('Ctrl Pts',(-2.00000000000001,-329.20905582667,-594.274410250527));
#3279=CARTESIAN_POINT('',(-65.0000000000001,-322.623762640808,-656.929289658729));
#3280=CARTESIAN_POINT('',(-65.0000000000001,-287.024025356783,-612.967275313292));
#3281=CARTESIAN_POINT('Origin',(-65.0000000000001,-326.804901171514,-617.148413843998));
#3282=CARTESIAN_POINT('Origin',(-65.0000000000001,-289.428180011939,-590.093271719821));
#3283=CARTESIAN_POINT('Origin',(-65.0000000000001,-329.20905582667,-594.274410250527));
#3284=CARTESIAN_POINT('Origin',(-40.0000000000003,-326.804901171514,-617.148413843998));
#3285=CARTESIAN_POINT('',(-40.0000000000003,-287.024025356783,-612.967275313291));
#3286=CARTESIAN_POINT('',(-40.0000000000003,-322.623762640808,-656.929289658729));
#3287=CARTESIAN_POINT('Origin',(-262.,17.957783071317,-55.186212292234));
#3288=CARTESIAN_POINT('',(-459.,0.856775905033534,-8.20158125293861));
#3289=CARTESIAN_POINT('',(-459.,17.957783071317,-55.1862122922341));
#3290=CARTESIAN_POINT('',(-65.,0.856775905033534,-8.20158125293861));
#3291=CARTESIAN_POINT('',(-262.,0.856775905033534,-8.20158125293861));
#3292=CARTESIAN_POINT('',(-65.,17.957783071317,-55.1862122922341));
#3293=CARTESIAN_POINT('Origin',(-459.,-41.2428520381953,-76.7334813217512));
#3294=CARTESIAN_POINT('',(-522.,-58.3438592044787,-29.7488502824557));
#3295=CARTESIAN_POINT('',(-522.,-41.2428520381953,-76.7334813217512));
#3296=CARTESIAN_POINT('Origin',(-459.,-58.3438592044787,-29.7488502824558));
#3297=CARTESIAN_POINT('Origin',(-522.,-41.2428520381953,-76.7334813217512));
#3298=CARTESIAN_POINT('',(-522.,-339.154274780353,-595.319694883204));
#3299=CARTESIAN_POINT('',(-522.,-140.008001739912,-574.388578149279));
#3300=CARTESIAN_POINT('',(-522.,-378.139734046391,-224.397827010872));
#3301=CARTESIAN_POINT('',(-522.,-378.139734046391,-224.397827010872));
#3302=CARTESIAN_POINT('',(-522.,-314.847064098258,-123.108381857676));
#3303=CARTESIAN_POINT('Origin',(-522.,-281.671110195668,-214.258566073909));
#3304=CARTESIAN_POINT('',(-522.,-131.35922467161,-56.3242699565598));
#3305=CARTESIAN_POINT('Origin',(-459.,-140.008001739912,-574.388578149279));
#3306=CARTESIAN_POINT('',(-459.,-332.568981594491,-657.974574291405));
#3307=CARTESIAN_POINT('',(-459.,-133.42270855405,-637.04345755748));
#3308=CARTESIAN_POINT('Origin',(-459.,-339.154274780353,-595.319694883204));
#3309=CARTESIAN_POINT('Origin',(-15.,-328.413639277977,-219.17140384749));
#3310=CARTESIAN_POINT('',(-262.,-328.413639277977,-219.17140384749));
#3311=CARTESIAN_POINT('Origin',(-8.5,-281.671110195668,-214.258566073909));
#3312=CARTESIAN_POINT('',(-262.,-297.746056931975,-170.093012896972));
#3313=CARTESIAN_POINT('Origin',(-65.0000000000001,-140.008001739912,-574.388578149279));
#3314=CARTESIAN_POINT('',(-1.99999999999997,-339.154274780353,-595.319694883204));
#3315=CARTESIAN_POINT('',(-2.00000000000012,-140.008001739912,-574.388578149279));
#3316=CARTESIAN_POINT('',(-65.0000000000001,-332.568981594491,-657.974574291405));
#3317=CARTESIAN_POINT('Origin',(-65.0000000000001,-339.154274780353,-595.319694883204));
#3318=CARTESIAN_POINT('',(-65.0000000000001,-133.42270855405,-637.04345755748));
#3319=CARTESIAN_POINT('Origin',(-65.0000000000007,-282.842886826077,-652.748151128022));
#3320=CARTESIAN_POINT('',(-262.,-332.568981594491,-657.974574291405));
#3321=CARTESIAN_POINT('Origin',(-65.,-41.2428520381953,-76.7334813217512));
#3322=CARTESIAN_POINT('',(-1.99999999999998,-58.3438592044787,-29.7488502824557));
#3323=CARTESIAN_POINT('Origin',(-65.,-58.3438592044787,-29.7488502824558));
#3324=CARTESIAN_POINT('',(-1.99999999999999,-41.2428520381953,-76.7334813217512));
#3325=CARTESIAN_POINT('Origin',(-262.,0.856775905033534,-8.20158125293861));
#3326=CARTESIAN_POINT('',(-1.99999999999998,-314.847064098258,-123.108381857676));
#3327=CARTESIAN_POINT('',(-522.,-314.847064098258,-123.108381857676));
#3328=CARTESIAN_POINT('',(-1.99999999999998,-131.35922467161,-56.3242699565598));
#3329=CARTESIAN_POINT('Origin',(-1.99999999999997,-378.139734046391,-224.397827010872));
#3330=CARTESIAN_POINT('',(-1.99999999999997,-378.139734046391,-224.397827010872));
#3331=CARTESIAN_POINT('',(-1.99999999999997,-378.139734046391,-224.397827010872));
#3332=CARTESIAN_POINT('',(-522.,-378.139734046391,-224.397827010872));
#3333=CARTESIAN_POINT('Origin',(-8.49999999999999,-281.671110195668,-214.258566073909));
#3334=CARTESIAN_POINT('Origin',(-1.99999999999996,-281.671110195668,-214.258566073909));
#3335=CARTESIAN_POINT('Origin',(-2.,-41.2428520381953,-76.7334813217512));
#3336=CARTESIAN_POINT('Origin',(-262.,5.74177900110015,-59.6324741554677));
#3337=CARTESIAN_POINT('',(257.569248806879,188.464663151637,330.399922894141));
#3338=CARTESIAN_POINT('',(257.569248806879,188.464663151637,330.399922894141));
#3339=CARTESIAN_POINT('',(0.,0.,0.));
#3340=CARTESIAN_POINT('Origin',(0.,237.129257370102,503.386085859605));
#3341=CARTESIAN_POINT('',(-15.,237.129257370102,503.386085859605));
#3342=CARTESIAN_POINT('',(15.,237.129257370102,503.386085859605));
#3343=CARTESIAN_POINT('Ctrl Pts',(-15.,237.129257370102,503.386085859605));
#3344=CARTESIAN_POINT('Ctrl Pts',(-15.,236.984189135474,503.333285340263));
#3345=CARTESIAN_POINT('Ctrl Pts',(-15.0000000033956,236.839058107097,503.280658065408));
#3346=CARTESIAN_POINT('Ctrl Pts',(-14.9999985926823,221.758926091833,497.832673319816));
#3347=CARTESIAN_POINT('Ctrl Pts',(-15.0869701330189,207.996456773892,494.933741793702));
#3348=CARTESIAN_POINT('Ctrl Pts',(-13.7520577223453,187.96706011866,492.17012445319));
#3349=CARTESIAN_POINT('Ctrl Pts',(-12.7376965639895,180.758641433838,491.686132269771));
#3350=CARTESIAN_POINT('Ctrl Pts',(-10.1204025355424,171.372053328964,491.337080730549));
#3351=CARTESIAN_POINT('Ctrl Pts',(-8.96169619160456,168.509606147221,491.309997694734));
#3352=CARTESIAN_POINT('Ctrl Pts',(-6.91126831007687,164.943979195528,491.311678050372));
#3353=CARTESIAN_POINT('Ctrl Pts',(-5.98490528345775,163.63250971991,491.324760843329));
#3354=CARTESIAN_POINT('Ctrl Pts',(-4.20829308646943,161.919419660061,491.35243598288));
#3355=CARTESIAN_POINT('Ctrl Pts',(-3.44505770369062,161.342120222175,491.36458418221));
#3356=CARTESIAN_POINT('Ctrl Pts',(-1.93760659948659,160.612500646103,491.381376155759));
#3357=CARTESIAN_POINT('Ctrl Pts',(-1.23666795424241,160.401268021143,491.386817701873));
#3358=CARTESIAN_POINT('Ctrl Pts',(0.247628565354225,160.264898841022,491.39029652668));
#3359=CARTESIAN_POINT('Ctrl Pts',(0.98789931729889,160.351556514757,491.38797998265));
#3360=CARTESIAN_POINT('Ctrl Pts',(2.64137503952048,160.870802200702,491.375260717989));
#3361=CARTESIAN_POINT('Ctrl Pts',(3.49095332343688,161.381709113967,491.363283597981));
#3362=CARTESIAN_POINT('Ctrl Pts',(5.49871953933216,163.03104168573,491.332704773881));
#3363=CARTESIAN_POINT('Ctrl Pts',(6.70763856520731,164.535004534887,491.309732241293));
#3364=CARTESIAN_POINT('Ctrl Pts',(10.2219627133297,170.831093686038,491.313962226777));
#3365=CARTESIAN_POINT('Ctrl Pts',(12.0917360173642,177.219572712535,491.398004072501));
#3366=CARTESIAN_POINT('Ctrl Pts',(14.1128056022486,191.917374731214,492.673619448719));
#3367=CARTESIAN_POINT('Ctrl Pts',(14.4989261949785,198.272994017586,493.501083760515));
#3368=CARTESIAN_POINT('Ctrl Pts',(15.0417675713897,214.062596449377,496.33216839519));
#3369=CARTESIAN_POINT('Ctrl Pts',(14.9999988869306,224.904358620025,498.969020694927));
#3370=CARTESIAN_POINT('Ctrl Pts',(15.0000000033956,236.839058107097,503.280658065408));
#3371=CARTESIAN_POINT('Ctrl Pts',(15.,236.984189135474,503.333285340263));
#3372=CARTESIAN_POINT('Ctrl Pts',(15.,237.129257370102,503.386085859605));
#3373=CARTESIAN_POINT('',(-1.83697019872103E-15,231.998955220217,517.481475171393));
#3374=CARTESIAN_POINT('Origin',(0.,237.129257370102,503.386085859605));
#3375=CARTESIAN_POINT('Origin',(0.,237.129257370102,503.386085859605));
#3376=CARTESIAN_POINT('Origin',(0.,203.953303467512,594.536270075838));
#3377=CARTESIAN_POINT('',(-1.83697019872103E-15,168.006869430808,520.835158279306));
#3378=CARTESIAN_POINT('Origin',(-1.83697019872103E-15,203.953303467512,
594.536270075838));
#3379=CARTESIAN_POINT('',(15.,161.431302228972,507.353247584818));
#3380=CARTESIAN_POINT('Origin',(0.,161.431302228972,507.353247584818));
#3381=CARTESIAN_POINT('Origin',(0.,161.431302228972,507.353247584818));
#3382=CARTESIAN_POINT('Origin',(0.,-63.2672093458206,616.946034282088));
#3383=CARTESIAN_POINT('',(15.,-63.2672093458205,616.946034282088));
#3384=CARTESIAN_POINT('',(15.,-63.2672093458206,616.946034282088));
#3385=CARTESIAN_POINT('',(1.83697019872103E-15,-69.8427765476567,603.4641235876));
#3386=CARTESIAN_POINT('Origin',(0.,-63.2672093458206,616.946034282088));
#3387=CARTESIAN_POINT('Origin',(0.,-63.2672093458206,616.946034282088));
#3388=CARTESIAN_POINT('Origin',(0.,-144.804242648589,449.770341670443));
#3389=CARTESIAN_POINT('',(1.83697019872103E-15,-254.720923904987,318.776741897097));
#3390=CARTESIAN_POINT('Origin',(1.83697019872103E-15,-144.804242648589,
449.770341670443));
#3391=CARTESIAN_POINT('',(15.,-264.362738050285,307.286075250313));
#3392=CARTESIAN_POINT('Origin',(0.,-264.362738050285,307.286075250313));
#3393=CARTESIAN_POINT('Origin',(0.,-264.362738050285,307.286075250313));
#3394=CARTESIAN_POINT('Origin',(0.,-28.4210495696398,109.307491466859));
#3395=CARTESIAN_POINT('',(15.,-28.4210495696398,109.307491466859));
#3396=CARTESIAN_POINT('',(15.,-28.4210495696398,109.307491466859));
#3397=CARTESIAN_POINT('',(-1.83697019872103E-15,-38.0628637149379,97.8168248200739));
#3398=CARTESIAN_POINT('Origin',(0.,-28.4210495696398,109.307491466859));
#3399=CARTESIAN_POINT('Origin',(0.,-28.4210495696398,109.307491466859));
#3400=CARTESIAN_POINT('Origin',(0.,-66.9883061508322,63.3448248797199));
#3401=CARTESIAN_POINT('',(-1.83697019872103E-15,-22.2348208592599,68.0486057267643));
#3402=CARTESIAN_POINT('Origin',(-1.83697019872103E-15,-66.9883061508322,
63.3448248797199));
#3403=CARTESIAN_POINT('',(15.,-7.31699242873577,69.6165326757791));
#3404=CARTESIAN_POINT('Origin',(0.,-7.31699242873577,69.6165326757791));
#3405=CARTESIAN_POINT('Origin',(0.,-7.31699242873577,69.6165326757791));
#3406=CARTESIAN_POINT('Origin',(0.,0.,0.));
#3407=CARTESIAN_POINT('',(15.,1.82690708376707E-15,1.92015671940786E-16));
#3408=CARTESIAN_POINT('',(15.,1.82690708376707E-15,1.92015671940786E-16));
#3409=CARTESIAN_POINT('Origin',(0.,0.,0.));
#3410=CARTESIAN_POINT('Origin',(-6.46513305282378E-16,0.,0.));
#3411=CARTESIAN_POINT('',(0.,0.,0.));
#3412=CARTESIAN_POINT('Origin',(-262.,0.,0.));
#3413=CARTESIAN_POINT('',(-262.,0.,-15.));
#3414=CARTESIAN_POINT('',(-247.,15.,1.83697019872103E-15));
#3415=CARTESIAN_POINT('Origin',(-262.,0.,0.));
#3416=CARTESIAN_POINT('',(-262.,0.,15.));
#3417=CARTESIAN_POINT('Origin',(-262.,0.,0.));
#3418=CARTESIAN_POINT('Origin',(-262.,0.,0.));
#3419=CARTESIAN_POINT('Origin',(262.,0.,0.));
#3420=CARTESIAN_POINT('',(262.,0.,-15.));
#3421=CARTESIAN_POINT('',(262.,0.,15.));
#3422=CARTESIAN_POINT('Origin',(262.,0.,0.));
#3423=CARTESIAN_POINT('',(247.,15.,1.83697019872103E-15));
#3424=CARTESIAN_POINT('Origin',(262.,0.,0.));
#3425=CARTESIAN_POINT('Origin',(262.,0.,0.));
#3426=CARTESIAN_POINT('Origin',(0.,0.,0.));
#3427=CARTESIAN_POINT('',(0.,15.,1.83697019872103E-15));
#3428=CARTESIAN_POINT('',(0.,0.,0.));
#3429=CARTESIAN_POINT('Origin',(0.,0.,0.));
#3430=CARTESIAN_POINT('',(0.,-5.55111512312578E-16,5.));
#3431=CARTESIAN_POINT('',(-6.12323399573677E-16,-5.55111512312578E-16,-5.));
#3432=CARTESIAN_POINT('Origin',(0.,-5.55111512312578E-16,0.));
#3433=CARTESIAN_POINT('Origin',(0.,-5.55111512312578E-16,0.));
#3434=CARTESIAN_POINT('',(0.,0.,0.5));
#3435=CARTESIAN_POINT('',(-6.12323399573677E-17,0.,-0.5));
#3436=CARTESIAN_POINT('Origin',(0.,0.,0.));
#3437=CARTESIAN_POINT('Origin',(0.,0.,0.));
#3438=CARTESIAN_POINT('Origin',(0.,-5.,2.));
#3439=CARTESIAN_POINT('',(0.,-5.,2.));
#3440=CARTESIAN_POINT('',(-2.44929359829471E-16,-5.,-2.));
#3441=CARTESIAN_POINT('Origin',(0.,-5.,0.));
#3442=CARTESIAN_POINT('Origin',(0.,-5.,0.));
#3443=CARTESIAN_POINT('Ctrl Pts',(0.,-5.,-2.));
#3444=CARTESIAN_POINT('Ctrl Pts',(-2.,-5.,-2.));
#3445=CARTESIAN_POINT('Ctrl Pts',(-2.,-5.,0.));
#3446=CARTESIAN_POINT('Ctrl Pts',(-2.,-5.,2.));
#3447=CARTESIAN_POINT('Ctrl Pts',(0.,-5.,2.));
#3448=CARTESIAN_POINT('Ctrl Pts',(2.,-5.,2.));
#3449=CARTESIAN_POINT('Ctrl Pts',(2.,-5.,0.));
#3450=CARTESIAN_POINT('Ctrl Pts',(2.,-5.,-2.));
#3451=CARTESIAN_POINT('Ctrl Pts',(0.,-5.,-2.));
#3452=CARTESIAN_POINT('Ctrl Pts',(0.,-5.,-5.));
#3453=CARTESIAN_POINT('Ctrl Pts',(-5.,-5.,-5.));
#3454=CARTESIAN_POINT('Ctrl Pts',(-5.,-5.,0.));
#3455=CARTESIAN_POINT('Ctrl Pts',(-5.,-5.,5.));
#3456=CARTESIAN_POINT('Ctrl Pts',(0.,-5.,5.));
#3457=CARTESIAN_POINT('Ctrl Pts',(5.,-5.,5.));
#3458=CARTESIAN_POINT('Ctrl Pts',(5.,-5.,0.));
#3459=CARTESIAN_POINT('Ctrl Pts',(5.,-5.,-5.));
#3460=CARTESIAN_POINT('Ctrl Pts',(0.,-5.,-5.));
#3461=CARTESIAN_POINT('Ctrl Pts',(0.,-2.,-5.));
#3462=CARTESIAN_POINT('Ctrl Pts',(-5.,-2.,-5.));
#3463=CARTESIAN_POINT('Ctrl Pts',(-5.,-2.,0.));
#3464=CARTESIAN_POINT('Ctrl Pts',(-5.,-2.,5.));
#3465=CARTESIAN_POINT('Ctrl Pts',(0.,-2.,5.));
#3466=CARTESIAN_POINT('Ctrl Pts',(5.,-2.,5.));
#3467=CARTESIAN_POINT('Ctrl Pts',(5.,-2.,0.));
#3468=CARTESIAN_POINT('Ctrl Pts',(5.,-2.,-5.));
#3469=CARTESIAN_POINT('Ctrl Pts',(0.,-2.,-5.));
#3470=CARTESIAN_POINT('',(0.,-2.,5.));
#3471=CARTESIAN_POINT('',(-6.12323399573677E-16,-2.,-5.));
#3472=CARTESIAN_POINT('Origin',(0.,-2.,0.));
#3473=CARTESIAN_POINT('Origin',(0.,-2.,0.));
#3474=CARTESIAN_POINT('Origin',(-2.44929359829471E-16,-2.,-2.));
#3475=CARTESIAN_POINT('Origin',(0.,-1.,0.));
#3476=CARTESIAN_POINT('',(-6.12323399573677E-16,-1.,-5.));
#3477=CARTESIAN_POINT('Origin',(0.,2.06698729810778,0.));
#3478=CARTESIAN_POINT('',(0.,4.13397459621556,0.5));
#3479=CARTESIAN_POINT('',(-6.12323399573677E-17,4.13397459621556,-0.5));
#3480=CARTESIAN_POINT('Origin',(0.,4.13397459621556,0.));
#3481=CARTESIAN_POINT('Origin',(0.,4.13397459621556,0.));
#3482=CARTESIAN_POINT('',(-6.12323399573677E-17,2.06698729810778,-0.5));
#3483=CARTESIAN_POINT('Origin',(0.,4.13397459621556,0.));
#3484=CARTESIAN_POINT('',(0.,6.,0.));
#3485=CARTESIAN_POINT('',(-6.12323399573677E-17,4.13397459621556,-0.5));
#3486=CARTESIAN_POINT('',(0.,0.,0.));
#3487=CARTESIAN_POINT('Origin',(0.,0.,0.));
#3488=CARTESIAN_POINT('',(0.,-1.66533453693773E-15,9.));
#3489=CARTESIAN_POINT('',(-1.10218211923262E-15,-1.66533453693773E-15,-9.));
#3490=CARTESIAN_POINT('Origin',(0.,-1.66533453693773E-15,0.));
#3491=CARTESIAN_POINT('Origin',(0.,-1.66533453693773E-15,0.));
#3492=CARTESIAN_POINT('',(0.,-1.53080849893419E-16,0.499999999999999));
#3493=CARTESIAN_POINT('',(-6.12323399573676E-17,-2.77555756156289E-16,-0.5));
#3494=CARTESIAN_POINT('Origin',(0.,0.,0.));
#3495=CARTESIAN_POINT('Origin',(0.,0.,0.));
#3496=CARTESIAN_POINT('Origin',(0.,-5.,5.));
#3497=CARTESIAN_POINT('',(0.,-5.,5.));
#3498=CARTESIAN_POINT('',(-6.12323399573677E-16,-5.,-5.));
#3499=CARTESIAN_POINT('Origin',(0.,-5.,0.));
#3500=CARTESIAN_POINT('Origin',(0.,-5.,0.));
#3501=CARTESIAN_POINT('Origin',(0.,-1.,0.));
#3502=CARTESIAN_POINT('',(0.,-1.,9.));
#3503=CARTESIAN_POINT('',(-1.10218211923262E-15,-1.,-9.));
#3504=CARTESIAN_POINT('Origin',(0.,-1.,0.));
#3505=CARTESIAN_POINT('Origin',(0.,-1.,0.));
#3506=CARTESIAN_POINT('Origin',(-6.12323399573677E-16,-1.,-5.));
#3507=CARTESIAN_POINT('Origin',(0.,-0.500000000000003,0.));
#3508=CARTESIAN_POINT('',(-1.10218211923262E-15,-0.500000000000003,-9.));
#3509=CARTESIAN_POINT('Origin',(0.,2.06698729810778,0.));
#3510=CARTESIAN_POINT('',(0.,4.13397459621556,0.5));
#3511=CARTESIAN_POINT('',(-6.12323399573676E-17,4.13397459621556,-0.5));
#3512=CARTESIAN_POINT('Origin',(0.,4.13397459621556,0.));
#3513=CARTESIAN_POINT('Origin',(0.,4.13397459621556,0.));
#3514=CARTESIAN_POINT('',(-6.12323399573676E-17,2.06698729810778,-0.5));
#3515=CARTESIAN_POINT('Origin',(0.,4.13397459621556,0.));
#3516=CARTESIAN_POINT('',(0.,6.,0.));
#3517=CARTESIAN_POINT('',(-6.12323399573676E-17,4.13397459621556,-0.5));
#3518=CARTESIAN_POINT('',(-291.999999999999,2.43086534291451E-62,-7.19143125764781E-16));
#3519=CARTESIAN_POINT('',(-4.43075119312127,538.842782270265,-343.763640025504));
#3520=CARTESIAN_POINT('',(-261.999999999999,345.804242648684,-118.229658329557));
#3521=CARTESIAN_POINT('',(262.000000000002,345.804242648685,-118.22965832978));
#3522=CARTESIAN_POINT('',(9.93658396011272E-14,120.,-393.161314309759));
#3523=CARTESIAN_POINT('',(-262.000000000001,0.,-568.));
#3524=CARTESIAN_POINT('',(261.999999999999,3.96141452974064E-13,-568.));
#3525=CARTESIAN_POINT('',(-291.999999999999,2.38214184561559E-14,1.96428351283505E-13));
#3526=CARTESIAN_POINT('',(291.999999999999,-1.23853106249913E-12,2.09036224174024E-13));
#3527=UNCERTAINTY_MEASURE_WITH_UNIT(LENGTH_MEASURE(0.01),#3547,
'DISTANCE_ACCURACY_VALUE',
'Maximum model space distance between geometric entities at asserted c
onnectivities');
#3528=UNCERTAINTY_MEASURE_WITH_UNIT(LENGTH_MEASURE(0.01),#3547,
'DISTANCE_ACCURACY_VALUE',
'Maximum model space distance between geometric entities at asserted c
onnectivities');
#3529=UNCERTAINTY_MEASURE_WITH_UNIT(LENGTH_MEASURE(0.01),#3547,
'DISTANCE_ACCURACY_VALUE',
'Maximum model space distance between geometric entities at asserted c
onnectivities');
#3530=UNCERTAINTY_MEASURE_WITH_UNIT(LENGTH_MEASURE(0.01),#3547,
'DISTANCE_ACCURACY_VALUE',
'Maximum model space distance between geometric entities at asserted c
onnectivities');
#3531=UNCERTAINTY_MEASURE_WITH_UNIT(LENGTH_MEASURE(0.01),#3547,
'DISTANCE_ACCURACY_VALUE',
'Maximum model space distance between geometric entities at asserted c
onnectivities');
#3532=UNCERTAINTY_MEASURE_WITH_UNIT(LENGTH_MEASURE(0.01),#3547,
'DISTANCE_ACCURACY_VALUE',
'Maximum model space distance between geometric entities at asserted c
onnectivities');
#3533=UNCERTAINTY_MEASURE_WITH_UNIT(LENGTH_MEASURE(0.01),#3547,
'DISTANCE_ACCURACY_VALUE',
'Maximum model space distance between geometric entities at asserted c
onnectivities');
#3534=UNCERTAINTY_MEASURE_WITH_UNIT(LENGTH_MEASURE(0.01),#3547,
'DISTANCE_ACCURACY_VALUE',
'Maximum model space distance between geometric entities at asserted c
onnectivities');
#3535=UNCERTAINTY_MEASURE_WITH_UNIT(LENGTH_MEASURE(0.01),#3547,
'DISTANCE_ACCURACY_VALUE',
'Maximum model space distance between geometric entities at asserted c
onnectivities');
#3536=UNCERTAINTY_MEASURE_WITH_UNIT(LENGTH_MEASURE(0.01),#3547,
'DISTANCE_ACCURACY_VALUE',
'Maximum model space distance between geometric entities at asserted c
onnectivities');
#3537=(
GEOMETRIC_REPRESENTATION_CONTEXT(3)
GLOBAL_UNCERTAINTY_ASSIGNED_CONTEXT((#3527))
GLOBAL_UNIT_ASSIGNED_CONTEXT((#3547,#3550,#3549))
REPRESENTATION_CONTEXT('','3D')
);
#3538=(
GEOMETRIC_REPRESENTATION_CONTEXT(3)
GLOBAL_UNCERTAINTY_ASSIGNED_CONTEXT((#3528))
GLOBAL_UNIT_ASSIGNED_CONTEXT((#3547,#3550,#3549))
REPRESENTATION_CONTEXT('','3D')
);
#3539=(
GEOMETRIC_REPRESENTATION_CONTEXT(3)
GLOBAL_UNCERTAINTY_ASSIGNED_CONTEXT((#3529))
GLOBAL_UNIT_ASSIGNED_CONTEXT((#3547,#3550,#3549))
REPRESENTATION_CONTEXT('','3D')
);
#3540=(
GEOMETRIC_REPRESENTATION_CONTEXT(3)
GLOBAL_UNCERTAINTY_ASSIGNED_CONTEXT((#3530))
GLOBAL_UNIT_ASSIGNED_CONTEXT((#3547,#3550,#3549))
REPRESENTATION_CONTEXT('','3D')
);
#3541=(
GEOMETRIC_REPRESENTATION_CONTEXT(3)
GLOBAL_UNCERTAINTY_ASSIGNED_CONTEXT((#3531))
GLOBAL_UNIT_ASSIGNED_CONTEXT((#3547,#3550,#3549))
REPRESENTATION_CONTEXT('','3D')
);
#3542=(
GEOMETRIC_REPRESENTATION_CONTEXT(3)
GLOBAL_UNCERTAINTY_ASSIGNED_CONTEXT((#3532))
GLOBAL_UNIT_ASSIGNED_CONTEXT((#3547,#3550,#3549))
REPRESENTATION_CONTEXT('','3D')
);
#3543=(
GEOMETRIC_REPRESENTATION_CONTEXT(3)
GLOBAL_UNCERTAINTY_ASSIGNED_CONTEXT((#3533))
GLOBAL_UNIT_ASSIGNED_CONTEXT((#3547,#3550,#3549))
REPRESENTATION_CONTEXT('','3D')
);
#3544=(
GEOMETRIC_REPRESENTATION_CONTEXT(3)
GLOBAL_UNCERTAINTY_ASSIGNED_CONTEXT((#3534))
GLOBAL_UNIT_ASSIGNED_CONTEXT((#3547,#3550,#3549))
REPRESENTATION_CONTEXT('','3D')
);
#3545=(
GEOMETRIC_REPRESENTATION_CONTEXT(3)
GLOBAL_UNCERTAINTY_ASSIGNED_CONTEXT((#3535))
GLOBAL_UNIT_ASSIGNED_CONTEXT((#3547,#3550,#3549))
REPRESENTATION_CONTEXT('','3D')
);
#3546=(
GEOMETRIC_REPRESENTATION_CONTEXT(3)
GLOBAL_UNCERTAINTY_ASSIGNED_CONTEXT((#3536))
GLOBAL_UNIT_ASSIGNED_CONTEXT((#3547,#3550,#3549))
REPRESENTATION_CONTEXT('','3D')
);
#3547=(
LENGTH_UNIT()
NAMED_UNIT(*)
SI_UNIT(.MILLI.,.METRE.)
);
#3548=(
LENGTH_UNIT()
NAMED_UNIT(*)
SI_UNIT(.CENTI.,.METRE.)
);
#3549=(
NAMED_UNIT(*)
SI_UNIT($,.STERADIAN.)
SOLID_ANGLE_UNIT()
);
#3550=(
NAMED_UNIT(*)
PLANE_ANGLE_UNIT()
SI_UNIT($,.RADIAN.)
);
#3551=SHAPE_DEFINITION_REPRESENTATION(#3560,#3580);
#3552=SHAPE_DEFINITION_REPRESENTATION(#3561,#3581);
#3553=SHAPE_DEFINITION_REPRESENTATION(#3562,#3582);
#3554=SHAPE_DEFINITION_REPRESENTATION(#3563,#3583);
#3555=SHAPE_DEFINITION_REPRESENTATION(#3564,#3584);
#3556=SHAPE_DEFINITION_REPRESENTATION(#3567,#3585);
#3557=SHAPE_DEFINITION_REPRESENTATION(#3568,#3586);
#3558=SHAPE_DEFINITION_REPRESENTATION(#3569,#3587);
#3559=SHAPE_DEFINITION_REPRESENTATION(#3570,#3588);
#3560=PRODUCT_DEFINITION_SHAPE('',$,#3590);
#3561=PRODUCT_DEFINITION_SHAPE('',$,#3591);
#3562=PRODUCT_DEFINITION_SHAPE('',$,#3592);
#3563=PRODUCT_DEFINITION_SHAPE('',$,#3593);
#3564=PRODUCT_DEFINITION_SHAPE('',$,#3594);
#3565=PRODUCT_DEFINITION_SHAPE($,$,#46);
#3566=PRODUCT_DEFINITION_SHAPE($,$,#47);
#3567=PRODUCT_DEFINITION_SHAPE('',$,#3595);
#3568=PRODUCT_DEFINITION_SHAPE('',$,#3596);
#3569=PRODUCT_DEFINITION_SHAPE('',$,#3597);
#3570=PRODUCT_DEFINITION_SHAPE('',$,#3598);
#3571=PRODUCT_DEFINITION_SHAPE($,$,#48);
#3572=PRODUCT_DEFINITION_SHAPE($,$,#49);
#3573=PRODUCT_DEFINITION_SHAPE($,$,#50);
#3574=PRODUCT_DEFINITION_SHAPE($,$,#51);
#3575=PRODUCT_DEFINITION_SHAPE($,$,#52);
#3576=PRODUCT_DEFINITION_SHAPE($,$,#53);
#3577=PRODUCT_DEFINITION_SHAPE($,$,#54);
#3578=PRODUCT_DEFINITION_SHAPE($,$,#55);
#3579=PRODUCT_DEFINITION_SHAPE($,$,#56);
#3580=SHAPE_REPRESENTATION('',(#1928,#2171,#2172,#2173,#2174,#2175,#2176,
#2177,#2178,#2179),#3537);
#3581=SHAPE_REPRESENTATION('',(#1929),#3538);
#3582=SHAPE_REPRESENTATION('',(#1959,#2099,#2100),#3539);
#3583=SHAPE_REPRESENTATION('',(#1960),#3540);
#3584=SHAPE_REPRESENTATION('',(#2046),#3541);
#3585=SHAPE_REPRESENTATION('',(#2101),#3542);
#3586=SHAPE_REPRESENTATION('',(#2126),#3543);
#3587=SHAPE_REPRESENTATION('',(#2136),#3544);
#3588=SHAPE_REPRESENTATION('',(#2153),#3545);
#3589=PRODUCT_DEFINITION_CONTEXT('part definition',#3618,'design');
#3590=PRODUCT_DEFINITION('SILLA','SILLA',#3599,#3589);
#3591=PRODUCT_DEFINITION('PATAS FRONTALES','PATAS FRONTALES',#3600,#3589);
#3592=PRODUCT_DEFINITION('ASIENTO Y ESPALDAR','ASIENTO Y ESPALDAR',#3601,
#3589);
#3593=PRODUCT_DEFINITION('MARCO ASIENTO Y ESPALDAR',
'MARCO ASIENTO Y ESPALDAR',#3602,#3589);
#3594=PRODUCT_DEFINITION('TAPIZADO ASIENTO Y ESPALDAR',
'TAPIZADO ASIENTO Y ESPALDAR',#3603,#3589);
#3595=PRODUCT_DEFINITION('PATA TRASERA','PATA TRASERA',#3604,#3589);
#3596=PRODUCT_DEFINITION('TRAVESA\X\D1O','TRAVESA\X\D1O',#3605,#3589);
#3597=PRODUCT_DEFINITION('DESLIZADOR PEQUE\X\D1O','DESLIZADOR PEQUE\X\D1
O',#3606,#3589);
#3598=PRODUCT_DEFINITION('DESLIZADOR GRANDE','DESLIZADOR GRANDE',#3607,
#3589);
#3599=PRODUCT_DEFINITION_FORMATION('',$,#3620);
#3600=PRODUCT_DEFINITION_FORMATION('',$,#3621);
#3601=PRODUCT_DEFINITION_FORMATION('',$,#3622);
#3602=PRODUCT_DEFINITION_FORMATION('',$,#3623);
#3603=PRODUCT_DEFINITION_FORMATION('',$,#3624);
#3604=PRODUCT_DEFINITION_FORMATION('',$,#3625);
#3605=PRODUCT_DEFINITION_FORMATION('',$,#3626);
#3606=PRODUCT_DEFINITION_FORMATION('',$,#3627);
#3607=PRODUCT_DEFINITION_FORMATION('',$,#3628);
#3608=PRODUCT_RELATED_PRODUCT_CATEGORY('SILLA','SILLA',(#3620));
#3609=PRODUCT_RELATED_PRODUCT_CATEGORY('PATAS FRONTALES',
'PATAS FRONTALES',(#3621));
#3610=PRODUCT_RELATED_PRODUCT_CATEGORY('ASIENTO Y ESPALDAR',
'ASIENTO Y ESPALDAR',(#3622));
#3611=PRODUCT_RELATED_PRODUCT_CATEGORY('MARCO ASIENTO Y ESPALDAR',
'MARCO ASIENTO Y ESPALDAR',(#3623));
#3612=PRODUCT_RELATED_PRODUCT_CATEGORY('TAPIZADO ASIENTO Y ESPALDAR',
'TAPIZADO ASIENTO Y ESPALDAR',(#3624));
#3613=PRODUCT_RELATED_PRODUCT_CATEGORY('PATA TRASERA','PATA TRASERA',(#3625));
#3614=PRODUCT_RELATED_PRODUCT_CATEGORY('TRAVESA\X\D1O','TRAVESA\X\D1O',
(#3626));
#3615=PRODUCT_RELATED_PRODUCT_CATEGORY('DESLIZADOR PEQUE\X\D1O',
'DESLIZADOR PEQUE\X\D1O',(#3627));
#3616=PRODUCT_RELATED_PRODUCT_CATEGORY('DESLIZADOR GRANDE',
'DESLIZADOR GRANDE',(#3628));
#3617=APPLICATION_PROTOCOL_DEFINITION('international standard',
'automotive_design',2009,#3618);
#3618=APPLICATION_CONTEXT(
'Core Data for Automotive Mechanical Design Process');
#3619=PRODUCT_CONTEXT('part definition',#3618,'mechanical');
#3620=PRODUCT('SILLA','SILLA',$,(#3619));
#3621=PRODUCT('PATAS FRONTALES','PATAS FRONTALES',$,(#3619));
#3622=PRODUCT('ASIENTO Y ESPALDAR','ASIENTO Y ESPALDAR',$,(#3619));
#3623=PRODUCT('MARCO ASIENTO Y ESPALDAR','MARCO ASIENTO Y ESPALDAR',$,(#3619));
#3624=PRODUCT('TAPIZADO ASIENTO Y ESPALDAR',
'TAPIZADO ASIENTO Y ESPALDAR',$,(#3619));
#3625=PRODUCT('PATA TRASERA','PATA TRASERA',$,(#3619));
#3626=PRODUCT('TRAVESA\X\D1O','TRAVESA\X\D1O',$,(#3619));
#3627=PRODUCT('DESLIZADOR PEQUE\X\D1O','DESLIZADOR PEQUE\X\D1O',$,(#3619));
#3628=PRODUCT('DESLIZADOR GRANDE','DESLIZADOR GRANDE',$,(#3619));
ENDSEC;
END-ISO-10303-21;
